id,seq,label,fold,split
>non_terminators_1,TTGTCAGCAGTCTCAAGCGGCGCAGTTACGCCGCCTTTGTAGGAATTAATCGCCGGATGCAAGGTTCACGCCGCATCTGG,0,4,train
>non_terminators_2,ATAAATTGTTTCTCCTTGACCTGTGGTTATGACCCTCTTCACATTTCGGGCAAATAATTCGCGAAGATAATTAAGAACTC,0,3,train
>non_terminators_3,CTTGCGAAACCAACATGACTTTTTTTGTGGCTGAAAGGAGTATACGGTATAGACCTGAGCAATAGTATTTCTTTGACCTT,0,1,test
>non_terminators_4,TCAAGCTTTCAGACGAATTGATTACTTCGCAGCCTGTGGATCAGTGTCGTATTCAGCACAGGTCTGATAACCGGAGTTGA,0,0,valid
>non_terminators_5,TATCGTTCAGGTAACCGTGGATGGTTATCGGCAACTCGGGTGATTTACGTTAGTGGTGATCAGGCTTTTTTTACAACTGT,0,2,train
>non_terminators_6,AGCATTTCGCCACAGATTCACCGACATTTTACGCATATCAAAGTATTCCATACTCGCTCCCGGCCCGTTCTTTTCATTGT,0,1,test
>non_terminators_7,AGATTATTCAGCAGTTGCAGGCATTTTACCTTTTGCCGCTGGACGTTCTGTCAGACGCTTCTCAAAATTAGCATTAAATT,0,2,train
>non_terminators_8,AGGATGGTTTTGTAATAAAACTTTTTTCATCACATTCCCTGTTATTACATACTTTAGAGGCGATAATTTTATCCATGCAA,0,2,train
>non_terminators_9,ATGGCCTTATTTTCTTTAATCATCCGTTCAAAATTACTATTAAATATTTCCCAGCCATTAAAAGAATACTTCTCGCTCCC,0,0,valid
>non_terminators_10,GACTCGAATAGCACGAAAGATTCACTCGCTTACGCTATCGCCCCGCTTCCGACTTCATCTGCTGGCGGACTTTTTTTCGC,0,4,train
>non_terminators_11,AAGGCACGGACGGCTTCACACAAAGAAGCCAGCGCATCGTCCGTGGTAATCATTTGGTAATTCAAATTGTTTTCTCTTTA,0,3,train
>non_terminators_12,CATCGAAAAGTTGAATCAACCCCAGCTGCGGGTAATAAGTGCGCGTACGAACAAATTCAGTATCCAGGGCTATCGCCGGA,0,4,train
>non_terminators_13,TTAACGCTCAGGCTTTATTGTCCACTTTGCCGCGCGCTTCGTCACGTAATTCTCGTCGCAAAATTTTTCCGACGTTAGAT,0,1,test
>non_terminators_14,ACGAAACCGGTAAGGACATGAACGCCAAATACCGCGAAACCTCACGCGGTGGTCTGGCAATCAAAGTCCAGTGTGACTAA,0,0,valid
>non_terminators_15,GGCGATTAACGCCGCGCGGATGGCTCTGCGCCGCACCAGTGCACCGCGCGTCTCGCTGGATAAGGTCATCGAAACGATGT,0,2,train
>non_terminators_16,GCTTTCTCGTCTGCTGTAATATTCCCCACTACACTTCCACTGTTGCGTCAGGCGTTTGTCGCCATACGCTTACAGGGTGG,0,1,test
>non_terminators_17,CGTCTCGCTGATGGCTGCGGCTATTCTGGCAGTGATTGCTGCCTGTGTCAGTGGTTTACGTATCACTCAGCCACGATCCA,0,4,train
>non_terminators_18,ACGGCTCGTCTACTGGGTCAGAGTAGCGGCGCGGCGCTGGTGGCGCTGATGCTAAATCAGTTTGGAGATAATGGTACACA,0,1,test
>non_terminators_19,TCATATTACTTCAGGTATTCACCCGTACGCAGAGCTTCAATTCGTTTATCCAGCGGCGGGTGGGTCATGAACAACTCACT,0,1,test
>non_terminators_20,AGAGTGTTGTTGACGCCATTGAACGCGCGAAGCACGCCGCCGGACAGGTAAAAGTACAGGGTTAAACCCGGCAAAAAAAC,0,1,test
>non_terminators_21,CGCAGATTTGCAGATTCGTTTATTTGGTAAGCCGGAAATTGATGGCAGCCGTCGTCTGGGGGTGGCACTGGCTACTGCAG,0,3,train
>non_terminators_22,TACAGCTTAGCGCCTTCTACAGCTTCACGCGCCAGCTTAGTAATGCGGTCGTAATCGCCCGCTTCCAGCGCATCTGCCGG,0,0,valid
>non_terminators_23,CGGGTCCGTCGGTGGTGCTATGTGCGGCACTGTTATTTATTCTCAGTATGATGAAAAAGCAGGCCAGCTAATCTATCGCT,0,4,train
>non_terminators_24,GATGGCTGGTGTCGCTGTTTTGGTGGGGATGGTGGCAGTGACTGGCGGTTTAACCTTTTCCGCGGTTTACGATACGCCGG,0,4,train
>non_terminators_25,GTGCCGGATGCGGCGCGAGCGACCAATCCGACTTACGGCATTTCTGGCGGCGTTATGCCAAAGTGATTCCACGCCCGCGT,0,2,train
>non_terminators_26,TTCCTGGGTTCTATTCCGTGGGAGCGTAAAACCGTCACGCCAGCCAGTTTGTGGCATCATCCGGGTTTGGTGTTGATTCA,0,3,train
>non_terminators_27,TTCCGGTGGGTGAAATAGAGACGTTTGGAGAATTGTTAAATAGCAATCCGAATGCAAAACTCACTTTCTGGAAATTCTGG,0,0,valid
>non_terminators_28,CGCCCTCTCGCCAGGTTCAGCCGCGATTCGCTCATCTGCATCGCATTCTGACTAACGTGGCAGTGGGTGATAGCAATCGC,0,2,train
>non_terminators_29,TATCTTGTGCGTAGATGACCACTAAGATCGAAACGGGACGCTTATACACTTTATCCTTCACGCTGCCTCTTCGTTGACTG,0,0,valid
>non_terminators_30,TTCACCCTCTTCCACGCTGCCGGTTACCGACTGCCAGAAATCGGGATCGTCACGCCGCTGCAACATCAGCACCCGTTTCG,0,3,train
>non_terminators_31,TTGCCGCCTCGATGCAACGCGAATGATTTCGTGTATTTGAGTCATATCAGTTATTCTCAGCCTTCTTCACAACCTGAATG,0,4,train
>non_terminators_32,CAATATTTTTAGCACAACGCTATGCGCACTGTCACCCGCTCAACAGATCACGGTTATCGTTCGTTTTTTATACTGTTCAG,0,0,valid
>non_terminators_33,AAGGAATAACCCAGTTGCTATTTAGAATATATATTTATCAGTTTTAGTAATTTAAATCCCATAATTAATGTGAATATATA,0,0,valid
>non_terminators_34,AGCATCATATTGGGCGACATGATGCAACGGTAAAAATCATTTGGCCTGATGGCGTTCAATGATTCCTTTCATTTCAGCAA,0,1,test
>non_terminators_35,CAACTGACGGCGAAGACGCTGAAGCTGGGTCTGGATACGCTGGGTATTGAGACTGTAGAGCGTATGTAATCGATTTTTCG,0,3,train
>non_terminators_36,TGTTCTCTGGCTTCTACGAGCACTGCCCGATCCTCAGCGCAGAAAACGAAGAAGTGCGTAACAGCCGTCTAAAACTGGCA,0,2,train
>non_terminators_37,CATCTAAATGTATTCTGAAAATGGACATGCCATTGTTTTCTCACTGTTGGATAAGAGGCCAGAAGCGTAATATCCGGCCC,0,4,train
>non_terminators_38,TTGCCTACGGTGAGTTAAGCGAACATATTCTGGAAGTATGTCACAAGCATCATTTCGATTTGGTGATTTGCGGTAATCAC,0,3,train
>non_terminators_39,CAGCGTGATGCATGAAGAAACGCAAAGCTTTCTTGATAAGTTAATTCAGGATGCGGGGTATCCCGTTGACAAGACGTTTA,0,0,valid
>non_terminators_40,TCAAGTGAGGTCGATGTGCTGTTAGTTCCACTTACGGGAGATTAACCGCTCCTACGCAAGCTTTGGAAAGGTAGCAACTT,0,4,train
>non_terminators_41,TGGAAAACGGGTTAAATTATGCAGTGGCATAACAGCCTCCGATGTGTGTTGTTGTGATTTTCTTATTATGCACGCTGAAA,0,4,train
>non_terminators_42,ATGAAAATTTCCCGTCCTAGATAATCAGAAAAGCGCGGCAGATATTCGAGCGGCGTTGGCGCGCCGATAAACTCCAGCCG,0,0,valid
>non_terminators_43,TGATTATTTGGTCACATCAGCACCAAACCATTTTTCGGAAAGGGCTTGCAGAGTGCCATCTTTTTGCATTTCCGCAATTG,0,1,test
>non_terminators_44,AAGTGCCTATGGCGATCAGGGCGGCTTTGTGCTGGCTCCGCAGGATAACCTCTTTTGAATCTGAATGAGTCGATGGCTCG,0,1,test
>non_terminators_45,AAGGTAAAGCAGTTATTACAGATTCGGATGGATGAACTGGCGAAACTGGTCGGTCAGTCATCGGTGCAAAAATCGGTGTT,0,3,train
>non_terminators_46,ACAATGTTTTCACTGGTATTACCCGGAAGGCGGTAAGCTCTGGCCTGAACTGGCCGAGCGCGCCGACGGTTTTAATGATA,0,4,train
>non_terminators_47,AAGAGAGAGTAGTGACCGACGAAAACGGCGAAGCAACCTTCTTTTGCAACGGCGGCAGCGTCAGCGTGTGGGTTATCGAA,0,2,train
>non_terminators_48,CGGGGATGATGGCGAAAAAACCATTCATCTGGGAGAGAATTACGGCAATAAAACCTGGCGTGATTTTCTGGGGAACCGGC,0,0,valid
>non_terminators_49,GTGGCGTCGGTAACGGCGCTTTATCCAGCGCGGCGGCACACTCTGCTGTCGGGCGATCCACACGCTCCATCGTCATACCA,0,0,valid
>non_terminators_50,ATTAGCACTGATTACAATTATACCTTTTTATTATTCTGTGTCATGATGCTTCCGTTATTAGCCTTTTATCGTCTTGTTTA,0,0,valid
>non_terminators_51,GGCAGTGAATACAGGAAAAATCGTTTTGAGCGATTTTATTTATCTTTGATATCGGCTTTATTAATTCATTTAATCAATAT,0,0,valid
>non_terminators_52,GCCTTCATTAATGTGCGCCTGATCACACCAGCCGTTTGGCGCAACAATCATTGATACCCCCTATGTTTCCGCTCAACTCA,0,0,valid
>non_terminators_53,CTCGTAGTTCATGACGCCTCCATTGATACTGTTTTTATATACAGTATAGTTGCAAAATTAAAACCACAAGGAATGAGTGT,0,4,train
>non_terminators_54,TCAAAGCCTTTCTTTACCGTCTGTTCCCACGGGCCAACGAGATGGAAACCTGCAACGGTACGTTTCTCTTCCTGCTTAAT,0,2,train
>non_terminators_55,GTCAGGCCTTATGGTGGAAATAATCACTCAGGCGAGAAAACATGCTGCCTTCCCCGACAGATTCCAGGGTAACCAGCGGC,0,1,test
>non_terminators_56,ACCACCATCATCACCATCATCCTGACTAGTCTTTCAGGCGATGTGTGCTGGAAGACATTCAGATCTTCCAGTGGTGCATG,0,1,test
>non_terminators_57,ACGTGAAAGTGGTTTAGGTTAAAAGACATCAGTTGAATAAACATTCACAGAGACTTTTATGACACGCGTTCAATTTAAAC,0,4,train
>non_terminators_58,GGTTGATAACGGTTCAGACAGGTTTAAAGAGGAATAACAAAATGACAGACAACACTCGTTTACGCATAGCTATGCAGAAA,0,0,valid
>non_terminators_59,CGATCACATACAGCTGCATTTATTAAGGTTATCATCCGTTTCGCTGAAAAACATAACCCATAAAATGCTAGCTGTACCAG,0,3,train
>non_terminators_60,TCTCCGGGGAAACCACGCGTAATCCCCACGGTAAGTGATTAATTTCGATTATTTTTCCCGGATGGAAAATTCTTAGAAAC,0,4,train
>non_terminators_61,CAATGAAATAAAAGGATTTATTTCTGGTCACGTCCACACATTGACCACATCGACAAAAAAGCCCCTCGACTGAGGGGCTT,0,4,train
>non_terminators_62,CCTGTATGATCAATCGACTTTGTAGAGTTTCGGACGAAGGTCCGCAGAATATTCGCAGTATTAAATAAGTGTTCATTAAT,0,4,train
>non_terminators_63,ATGCCTGGATAGAATGAGTGCATAACAAACTATAGCTGTACATCCACTACACAGCCACGAAGGATGATAATGAAGCATTG,0,2,train
>non_terminators_64,ATGGTTAATAGGCGTTAGACCGCGCGGAAGGAAATCTCGCCTGGAATGACTTCACCCTGCCAGTAGAGCTGAGCTGCAAC,0,2,train
>non_terminators_65,ATGGCTGCCGGTCCTGGCGGGAAAGATATTTTCCTGCTAAGCCCGGATGCCGGTGCTAAACCGGGTCATCAGGTGAAATA,0,4,train
>non_terminators_66,CACTGATTGGTCGTCACACCATTATGGTGGCTAACCTGGCACCACGTAAAATGCGCTTCGGTATCTCTGAAGGCATGGTG,0,2,train
>non_terminators_67,ATTCCTAAAGTTGTTTTCTTGCGATTTTGTCTCTCTCTAACCCGCATAAATACTGGTAGCATCTGCATTCAACTGGATAA,0,2,train
>non_terminators_68,TTCAGTTGCAGAATCAGATAAATACTTAAGAGGCATATTCGGTCCGGCGTTTCCTGCCGGATGCGGCGCGAGCGCCTTAT,0,0,valid
>non_terminators_69,CCTCATTCTTTTACTGTTGTTTTCAGCGAATTAAGAGAAAAGCATAGTTGATAATGGCGGGGTTAGCTTGAGCGGAAGGA,0,3,train
>non_terminators_70,TACAGCAACTCAAACTCGCCTTTCTTAACGCGTGCGGAATCAGTGCCGATAAAGACATTGAACTTGCCAGGCTCGGCGTC,0,0,valid
>non_terminators_71,AAGCTCAGGACGTACAGCGTCACCCGTACAAACCGAAGCTGCAGCACATCGACTTCGTTCGCGCTTAATTGCTGAATAAG,0,1,test
>non_terminators_72,AGTCATGAACATGCAAGCTAAAGCTGAATTCTACAGCGAAGTTCTGACCATCGTTGTTGACGGTAAAGAAATCAAAGTTA,0,1,test
>non_terminators_73,TATCTGCAGATTATGCCTGATTACGGTATTGCTATTTTTTGCAGGCCAGATAAGGCGTTCACGCCGCATCTGGCATTCAG,0,1,test
>non_terminators_74,AAAGCTTATTTCCATACGTGATTATCCTCATGCGAACGGTCGCAAGAGTACACCAAAAAACTGAGTTTGTACGCTGAAAA,0,2,train
>non_terminators_75,GTAGCGTGGGTTTTGGCGGGTTGTGGTTTTTGATCGCAACCAACAAAGAAGAGCGCGGCAGCCAGCAGTGCCACGCGGGT,0,3,train
>non_terminators_76,ATCAATCGAGATTAGAACTGGTAAACCAGACCCAGAGCTACGATGTTATCAGTGTTGATGCCAGCGTCACGAGTGAACTG,0,4,train
>non_terminators_77,CTGTAAATGGCAGATTGAGATGTCCACAAGTCTTCGCTGCGAACATCCGATTACGCTACTGGCCCAGGCGCTGGCTTAAA,0,0,valid
>non_terminators_78,ACCTCACAAGCCATCGGCGCACCACTGTTCCGCCAGATAGAAGAAAGCGGCGCAGATCTGGTGGTCACCGACTGCGAAAC,0,0,valid
>non_terminators_79,ACGATTCCGTGCCCAATGTATGCGTTGCAACGCAGTGAAAATTCCTCTGAAAACGTCTCGCAAAGGCTGAAACTGGCAGA,0,1,test
>non_terminators_80,GGCAGTTATGTTTAGAGTATTTTGGCGATAGTCGTACACAGTTCACTTAACGCTCTGCGTCTATCTACTATCCCTTCTTT,0,4,train
>non_terminators_81,TGCCTGGATAATGTCCAGTGAAACGACTGCATTTCAGGAACGCTATGATTTTAATATCGATGAATGGCGGGCAAAATTCA,0,2,train
>non_terminators_82,TACAAAGTAACAGATTACATCAGCGGCATTGCCAAACGCACAATGCTAATCAGCGGTTGTGGCCATACACCCAGCACCAG,0,2,train
>non_terminators_83,AGTTGAAGATAGCAGGTATAGCGGTTGAATCGCAGCGTTTCGATTGAATGGCAGAAACAAAATGTCGAGGATTTGATCGC,0,1,test
>non_terminators_84,TGCAGGTCTTATGCCATCTTGACGACAACAGTAACATTCAACGTTAAATATGTTAATAAGACGTTGCATTATTGTCCTGA,0,0,valid
>non_terminators_85,ATGCGCCCTGCCAGCGGGCAAAGAGATCTTCAGGAAGGGTTATCGCAAACTGGTCAAGAACACGATTAACCGTCTGATTT,0,4,train
>non_terminators_86,GTTGGCAGGATTTAACGCGTACGTCTTTTCAGAAGGAAATCGACAAAGCGGGAAGTTTGCCTGGAACTGGCGGCGATTGT,0,1,test
>non_terminators_87,GCAGTCATGCATTACTCCAGAATGCAGCGCAAGGCGAGGAGTATCCCCGTCTCATCTCTCTGGTTTCAGGGTTACGGTGC,0,2,train
>non_terminators_88,GGAGGCCGCATTGGCGCGTAACGTCGGATGCGACGCTGGCGCGTCTACTCCGACCTACTGCGAATTAATCTTTCAGCTTG,0,4,train
>non_terminators_89,GAATTAATCCCGCTGTACGGAAGTGTGACGCAGGTCGACCTTGTGAGGGGACACAAAGAAAAATTGAATAAACTGTATGA,0,0,valid
>non_terminators_90,CGTTCAGTGATAGTTGACGAGTGAAATTATGAACGTGCAAAACAAATCGCCGTTACCAGACAAATAATGCATTTACTGGA,0,3,train
>non_terminators_91,GATTTACAGAATGTGACCTAAGGTCTGGCGTAAATGTGCACCGGAACCGAGAAGGCCCGGATTGTCATGGACGATGAGAT,0,1,test
>non_terminators_92,CACCACTTCGGGTCGTTAGCTCAGTTGGTAGAGCAGTTGACTTTTAATCAATTGGTCGCAGGTTCGAATCCTGCACGACC,0,1,test
>non_terminators_93,TACCGAAGTGGGTGATTAGCTCAGCTGGGAGAGCACCTCCCTTACAAGGAGGGGGTCGGCGGTTCGATCCCGTCATCACC,0,1,test
>non_terminators_94,GATACTCAAAGATTCGAACCTGCAGCAGGTTTGAGTTGAGCGCAGCGAAACAACGGAGCCGCTCGCGGCGACGGCCCGAA,0,0,valid
>non_terminators_95,ATTTGCGAAATTGCCTGATGCGCTTCACTTAGCAGACTACTATTTCCGGCAATTCCTGTCTCCTCACCTACTGTGTCAAT,0,2,train
>non_terminators_96,CAAGCGCACGATTGTAAACAAAGCACCAATACCAAAACCAACGCCGGAAGAAAATAAAATATCTTTCACTAATTAACCTT,0,0,valid
>non_terminators_97,AAGTATTTCACCACCAGATATCCGACATACATAAACACAATGGATAATATACCCGGTAATACATTTGGTACAGGAATAGG,0,4,train
>non_terminators_98,AATGAGTCACCGCTCGATGCTTTATCTTTTCAGGGTCATGATTATATTTAAACCCAAAGAAAAATATCACTGCGAGAAAA,0,2,train
>non_terminators_99,AGCGTTATTTAAGCACCGCATTGTTTGCCGATCTCTTCACTGAGAAAGAATTGCAACAGTAATGCCAGCTTGTTAAAAAT,0,3,train
>non_terminators_100,TGTTGCCGCGGCGTTGAAACTACAAGAAGATGAAAGCTTTACCAACAAGAATATTGTGGTTATTCTACCATCATCGGGTG,0,0,valid
>non_terminators_101,CCTGCTTCAAACTTTCGCCCCTCCTGGCATTGATTCAGCCTGTCGGAACTGGTATTTAACCAGACTAATTATTTTGATGC,0,4,train
>non_terminators_102,TCAAAGAACTGATCAAACTGTCCGGTAGCGTAACCGTGGGTGAAACCCCGGTTATCCGCATCAAGAAGTAATTCTTGCCG,0,0,valid
>non_terminators_103,CATTGAATTTGATCTGCCGCTGCTGGAAGAGAAAGCCAAGTCTACCCTGACTCCGGTTGTTATCTCCAACATGGACGAAA,0,1,test
>non_terminators_104,CTTCCGCCAGCGGCGGCAAAATCAATTCATCGCTCTCATGCTGCTGGGTGTAGCGCATCACTTCCAGTACGCGCAACCCC,0,3,train
>non_terminators_105,AACTACGTCCGACAAACAAATTTCGTGCGAATTACCGCTAAAATCGCGTTTTCCTGCAGACGCACACGTTTGCGTATCAT,0,0,valid
>non_terminators_106,GGTGTGAATTAACGTTTTAAAATCTTTTGCTGTCTGGTGTGCCGGATGTTTTGTCGGATGCGGCGTGAACGCCTTATCCG,0,2,train
>non_terminators_107,TTGCTAAACGCAGCCTGGAAGACAGCTACCAGCGCGTCGTTCTGACTCTGAGTCAGAGTATGACCTTTCGGATCGATGAA,0,1,test
>non_terminators_108,AAAGCGTGGGCAAAGCAGAAGAGAACAAATCGGACAGCTGGTTTAATTAATCGATGTTAGTAACTTCAATCCTATAATTC,0,0,valid
>non_terminators_109,CAAAGCTGCGCAAACCGATGTGGTGCAATCTGAAGCTGACGCCAACAGAAATATGACTGAAGGCGGTCGCGATCTGATGA,0,2,train
>non_terminators_110,AGTGCAGGGTCAAATCATTCCCACTCAATGGTAGCTGGCGGCTTGCCGCTGATGTCATACACCACGCGGGAAATACCGTT,0,3,train
>non_terminators_111,TAAATGATTCGCGTTGCAGGAAGGCGGCAAGTGAGTGAAGCCCCAGGAGCATAGATAACTATGTGACTGGGGTGAACGAG,0,0,valid
>non_terminators_112,GTAATCTTCATCGCTTCTGTCATTTTAGTTATCCTTCTTTGTAAAAGGGCCGCCAGTTGGCAGCCCCAGGATTTTTCCGC,0,3,train
>non_terminators_113,CGGCCTCGTCCAGCCAGACTAACAAAATCGCTTCGAGGATTTTCTCGTTGGATGCCTGCGGGTCGTCGTCGAAATCTTCC,0,4,train
>non_terminators_114,CAATTAAGCCGCGCACAACAGGTGCTGGGAATTGGCTATTTGTATGTTGAGGCGCAGTTACGACAGATTTGATGGCGCGA,0,4,train
>non_terminators_115,CTATTATTCGCCAGACAGGATTTAACCCGTTCGACCGCGACGAAGGACCGAGCGTGAAAGCGACGCAAATTGGCTTTGGG,0,0,valid
>non_terminators_116,TAAACGAAAAATTGCCTGATGCGCTACGCTTATCAGGCCTACACGGAGATTGCAATATATTGAATTTGCAAAGTTTTGTA,0,0,valid
>non_terminators_117,AATGAGCGGGGAAAAACGGGCCAGCGTTTCAAGGTGTTACTCTCGTCAGACGCGAATAGCCTGATGCTAACCGAGGGGAA,0,2,train
>non_terminators_118,TCAGGCTTTGCCAGGCTTGCCATGCCAGCACCAACAGGGGCAGCAGAATCAGCAAAAATGCCAGCATTACCAGTTGTCGT,0,0,valid
>non_terminators_119,GCGGTGCCTAACTCGACGTTTCGCCCGATGGTTGATATAGCTACGCTGATATCAGAAGTTGGACGGCAGGCACCTTGTTG,0,3,train
>non_terminators_120,AAAGAGTTAGGGGAAATCACCCGTTCAATGAAGGTATTGGGCTGTTACCCAAGTGAGAACGTAGTGCCTGTTGATCCAAC,0,2,train
>non_terminators_121,TTCACGGTAATCCATGGGAAGAGATGTTCTATCTGGATATTCAGGCCAATCTTGAATCAGCGGAAATGCAAAAAGCATTG,0,2,train
>non_terminators_122,CTGGCGATTGTCATTCGCCTGACGCAATAACACGCGGCTTTCACTCTGAAAACGCTGTGCGTAATCGCCGAACCAGTGCT,0,2,train
>non_terminators_123,CAGCGACAACAACCTGGTAGAACGGACGCTTTTTAGCGCCGTGACGTGCTAAACGAATAGTTACCATAACATCCTCTTGT,0,0,valid
>non_terminators_124,GCCTTCTTCTTTTTCGCTAGCGATTGGGTTGAAGAAACCAACGCGCTCGATGAAGCGACCGTTGCGTGCATTACGGCTGT,0,1,test
>non_terminators_125,AGCCCGAAAATTTTACTCATTTTTGCGGGAATTGCAATCAACAGTTGCTAACTCTGCTGTAAAAGGCCGTCGGCGGTGCA,0,1,test
>non_terminators_126,GCGTACCGCACGATCCAACAGGCGAGCATATGCCGGGCGACGGGATGTTGATTCTGTCATGGCATATCCTTACAACTTAA,0,3,train
>non_terminators_127,TCTGGGCCATTTTTGCCCATAATCGGTGCCGCGAGTTTACGTCGCAGTTCTTGCTCACTGTGATCGCGCACCGCCAGAAT,0,0,valid
>non_terminators_128,AACAAGACGATTAAAAATCTTCGTTAGTTTCTGCTACGCCTTCGCTATCATCTACAGAGAAATCCGGCGTTGAGTTCGGG,0,2,train
>non_terminators_129,TGCCAGTAATGGGGAAGATTTAGAGTAGGTAACAGTGCCGGATGCGGCGTGAACGCCTTATCCGGCCTACATGTCGCACG,0,2,train
>non_terminators_130,TTTGTTGACCGTGACGACGCAGGCAACGGTACGCTGACGCGCACGCGTAAGAAATCATTCTGGTGGTATAAAAAAGTGAT,0,4,train
>non_terminators_131,TTGGCATCAGAGCTGGTTCACCCCATCAAGAACATCCCTGTCCTGATTCCTTAATGAAAAACTACTCTTCTTCCACCGCT,0,2,train
>non_terminators_132,AAACGAACCCTCGATTTACCACACGCCGAACCGCTTCCGCGTATATGCTAATAAAATTCTAAATCTCCTATAGTTAGTCA,0,2,train
>non_terminators_133,ATCCACTGGGGAAAGACGCGGCGCTGATTGGTGAAGTGGTGGAACGTAAAGGTGTTCGTCTTGCCGGTCTGTATGGCGTG,0,1,test
>non_terminators_134,AACAAAATGTCATATACACCGATGAGTGATCTCGGACAACAAGGGTTGTTCGACATCACTCGGACACTATTGCAGCAGCC,0,3,train
>non_terminators_135,ATCAGCGCCAGAAAGAAAGGCCAGGTGTAGATAAAGAAGAACAGCGTGTTAGAGCCATAAATCAACATCGGCATCGCCAG,0,0,valid
>non_terminators_136,CCAGGGTGAAAACAATACTGTAGCGTAGCTTTCCGTCCATCAATGAATGCAGCGCAATCCCCACCACTACCGCGACGGGC,0,3,train
>non_terminators_137,GGCTGTCGTTATTTGTTAGTGTAATGTTATGGCTATTACGCATATTTGATCCTGTTACTTTGACGAACCGGGCATGGAAA,0,0,valid
>non_terminators_138,GCCTGCAACTGGAGACGAACGCGGTCATGAGTGGTCATAAAGCAACCTCAATAAGAAAAACTGCCGCGAAGGATAGCAGG,0,0,valid
>non_terminators_139,ACGGTTGGGTACTATTAAATTGATGCGGCTGGGGTTCATCGTTTCGCCAGTGCTGATGTTCACGCAGTAACGCTTCAAGC,0,1,test
>non_terminators_140,GCAGCATTCCAGCTACTTTTGTTGCTCCCTGCTCATCCTTGACAACTTTTCCTCTGGCCTTGCGGCCAATCGTTCATCCT,0,4,train
>non_terminators_141,CGGTGACGCGGGGTGGAGCAGCCTGGTAGCTCGTCGGGCTCATAACCCGAAGGTCGTCGGTTCAAATCCGGCCCCCGCAA,0,1,test
>non_terminators_142,TCGTCGGGCTCATAACCCGAAGGTCGTCGGTTCAAATCCGGCCCCCGCAACCAATCAAATTTGATGAAGTAAAAGCAGTA,0,4,train
>non_terminators_143,CTCGCCAGCGTCGCCCCATCGGCAAAATACGCTTTAATCCCCGCAAGAATAGACTCCGCAACTTCCTGCTGGAAAGTCGC,0,3,train
>non_terminators_144,TCGGCGCATCTTCCGGACTATTTACGCCGTTGCAGGACGTTGCAAAATTTCGGGAAGGCGTCTCGAAGAATTTAACGGAG,0,4,train
>non_terminators_145,TCAGCGTATAACCACGTTGTGTTTTCATGCCGGCAGTATGGAGCGAGGAGAAAAAAAGACGAGGGCCAGTTTCTATTTCT,0,1,test
>non_terminators_146,ATGTTTCGTAATTAGATAGCCACCGGCGCTTTAATGCCCGGATGCGGATCGTAGCCTTCAATCTCAAAGTCTTCGAAACG,0,3,train
>non_terminators_147,CAGCAGTTCATGGATGATGGAACGCAGGTGGCAACGTTTAGTTGTCACCAGCGGGAATCCATCTTGCAGGTTAAAACGCA,0,1,test
>non_terminators_148,TTTTCATCGGCCCATTCGTCCCAGATGGTGACATTGTTTTCGTGTAGATAAGCAATGTTAGTGTCGCCCTGCAGAAACCA,0,4,train
>non_terminators_149,TGTGTGCCTTCGTCGAGCACTTTTTGCATCAGTTCTAAATACTGTTTCATGGTTCCTCAGGAAACGTGTTGCTGTGGGCT,0,1,test
>non_terminators_150,ACTTCGATTGCGATTCCATTTATGCACAAGCCAGAAAAGCCGCTGCCAGTATGTGGCGTCGGATGGATGCGCTGGCATAA,0,3,train
>non_terminators_151,TATCGCTTTCGGTATGGGCTCAGGCAGCGTTCACAGCGTGATGGTCAATGGTGTGATGGTCTATGAAGACCGTCAGTTTA,0,0,valid
>non_terminators_152,AAAGAAGATGATTGAACAATTTTTCAGGCCCGACTCTGTCGAACAGGCGCTGGAACTGAAGCGCCGCTACCAGGATGAAG,0,4,train
>non_terminators_153,CCAGTGCCGGCCTGTTCCCCTCACCCTAACCCTCTCCCCAAAGGGGCGAGGGGACTGTCTGAGCACTTTTGTACTTTGTC,0,4,train
>non_terminators_154,CTGGCTCAATCTTCAATGTTGGCACGCTTTTCCCCCTCGCCCTTTCAGGGAGAGGGCCGGGGTGAGGGTAAATATTCGCG,0,2,train
>non_terminators_155,CGAATCAGTGAATTACTGGTATTCGCTAATCGGTACGCAGGAGCAGAACAGGTTACGGTCGCCGTAAACATCATCCAGAC,0,2,train
>non_terminators_156,ATGTCAAAAAACACTAAATCAAAAAATAATGGCATTAGAAAATATAATGCGAAAACGGAGGTGAAATTAGTTTATTTCAA,0,1,test
>non_terminators_157,CAAAAAATACACCAGTTTCTATACAAAGATGATGTGATGAGAAAGTCAATTTGAATAAGACAATATTAAGAGCTAAAAAA,0,1,test
>non_terminators_158,TGGGTATCAAATAAACAACAGAGGAGAAATTTTTAACGCAGCCATTCAGGCAAATCGTTTAATCCCATTGCCTGGCGGAT,0,3,train
>non_terminators_159,GCGGCGGCATCTCGGAGATTCCCTTCTTATCTGGCACCAGCCATGACGCAACTACCAGAACTCCCACTGACATTATCCCG,0,3,train
>non_terminators_160,AGCATGCTCGGTCCGTCCGAGAAGCCTTAAAACTGCGACGACACATTCACCTTGAACCAAGGGTTCAAGGGTTACAGCCT,0,2,train
>non_terminators_161,TCAACAAGCCGCTACCCGGATGATGACTTATCCCCCGGTGGTGATGGCACATACGGTCGCTGTATTCCTCTCTTTTGATG,0,3,train
>non_terminators_162,CTGGTTTAGAGGATTTATTTAGAGCAATCGACAATTGCCTGGTAAAAGCGTGACACATGTCACCAAATTTAATGAAGAGA,0,2,train
>non_terminators_163,AAATAATATTGCGGCAATATGAACGTTTGCGTCGCGATGTTGAGGAAATATCACGCAAAGGTAATTCTTGGATGAATATG,0,3,train
>non_terminators_164,TCACAATGGTTTTGACACCGTCAGGTGTGCCAATCAGCGCAACGTCCGCGCCACGGTTAGCAAACAAGCCAACAGTCACC,0,3,train
>non_terminators_165,CTCCTGAAAGCCGCATGATGCGTAAAGTCACTGATGCGTTACTCGATTATGGTCACAAAGTCCTTCGTCAGGATTAATCC,0,4,train
>non_terminators_166,GAAAGAGCTGGCCAGCGGTGAACTGATTGACTTAACGCCTGGGCTATTTCAACGACGGATGCTCTACTGGCACCGCTTTG,0,3,train
>non_terminators_167,CTTCTTTTTGTATTCCTTGAATCACATCACAAAATAGACAAATCTCAGGCGGCAAAAAACGACGTCTGAATGCATTTTTT,0,1,test
>non_terminators_168,GCTCCTGGGGATTCACTCTCTTGTCGCCTTCCTGCAACTCGAATTATTTAGAGTATGAAAAATTGCGTGCTCTAAAAGCG,0,1,test
>non_terminators_169,CGTCGGGCCTTATACTCGTCATACTTCAAGTTGCATGTGCTGCGTCTGCGTTCGCTCACCCCAGTCACTTACTTATGTAA,0,3,train
>non_terminators_170,ACTTCTTAGCGCGCTCTTCGAGCATCGCTACTGCAGGCAGTACTTTACCTTCCACGAATTCGAGGAATGCGCCGCCGCCA,0,2,train
>non_terminators_171,TGCAGGGCAATCATAACCCGTATGTGCAACGCGCTTGCCAGGCGCGAAAGAGCTAACCTACACTAGCGGGATTCTTTTTG,0,4,train
>non_terminators_172,AACGCAGCTGTTCAACGCATGGAACAAGATGTATCCGGTTACCGACTGGGAGTGCGAGCGCGATGAACGCATCGCGAAGG,0,0,valid
>non_terminators_173,ATGCGTATCCCCCGCATTTATCATCCTGAACCACTGACCAGCCATTCTCACATCGCGCTTTGCGAAGATGCCGCCAACCA,0,3,train
>non_terminators_174,ACCCGAAAAACCTCACGCGGAATAATTTATTCCGGTGATTATCATTAGGGTAATTAAAATTGGCAATGGACGTGAGTCTG,0,0,valid
>non_terminators_175,CAGTTGGCGGTTCGCCATCTGCCCAGGCATTACCAGTCATCAACATAAGCAGTGCCGTGCCAACAATCCATTGCTTTTTC,0,2,train
>non_terminators_176,GTACTGATTGAAGATCTGCTGGATCTGCTGCGGATCTTTGGTTTGCGTCAGAGCCAGTTGCAGCAGAACGCGCGCTTTTT,0,4,train
>non_terminators_177,TGTATATGTTTATCTGGCAAGTCAGGAGTCGAGCTACGTCACCGCAGAAGTGCACGGCGTGTGCGGCGGCGAGCATTTAG,0,3,train
>non_terminators_178,GGACAAACGCAGGATAAGATCCCGCAGTTTGGTCAGCAAACGCCGATGAAACGTGCGGGGCAACCGGCGGAACTGGCCCC,0,2,train
>non_terminators_179,AATTCACTCTTACCTGATGTGGCGAAAACGCCTTATCCGCCTACAAACGCATGAAGATTCAACATGTTGCAATAGATTTT,0,2,train
>non_terminators_180,GTCCTTCACGCAGCGCAGCCAGTGCATTTTCAACACGTTCGAAAGGCGTACCAAAAGAGGAAAGTAGCGTCTGATTCATG,0,4,train
>non_terminators_181,CTCAACAGTCATGGTTTCTGCCGGGAAGATCATATCACCTTCGTTTTCACGGTCTTCATCATCAAGCACCATTACACCGC,0,3,train
>non_terminators_182,TAGCCAAAATAACGTGAGCGGGTCCATGCCCGACAGAATCGTTACTCTCTCCCATCCGGACTCTAACCGTCGGCCCCGGA,0,0,valid
>non_terminators_183,CGAACCCGGCAGAAACGGTTGTTGAGGGACCGTTTAGTAAAGACGTAATCCTGAAAATCACCTATAACTAGTATCTAATA,0,4,train
>non_terminators_184,TAACCGCTTCTCACAATTTGCTTCTTTTTCATCGTCTAGTGCGCCTTCGGTCACCGCACCATTCAGGGCAGAACTGAGTG,0,2,train
>non_terminators_185,TCTAACTCCAGCTCTCTTGCCTGCATCATCTGTTGACAATACCAGGCATAACGTGCGCAAAACCAGGTTCTATGTTCTTC,0,2,train
>non_terminators_186,AAGAAACTGGCTCGCGAAAACGCACGCCGCACTCGTCTGTACTAATTCCCCGAGAGCGTTGCTCTCCGATCAGACCGAGT,0,0,valid
>non_terminators_187,AAGTTCGTCGTCGTGAGTTCTATGAAAAACCGACTACCGAACGTAAGCGCGCTAAAGCTTCTGCAGTGAAACGTCACGCG,0,3,train
>non_terminators_188,ATGAATTGCTAAAAATCGGGGCCTATGGCTGGACGAATCCCACGCGTATTCATTAATGATCTGCTGGCACGCACTGACAT,0,1,test
>non_terminators_189,CGTTCTGAAGTGCTGCGTAGCTTCCTGGACGATTAATCGGTAGGCCGGATCAGGCGTTACGCCGCACCCGGCACTAGGCC,0,2,train
>non_terminators_190,TGGGTAAACAGTTCGACGTTACCCGCGAACGTATCCGTCAGATCGAAGCGAAGGCGCTGCGCAAACTGCGTCACCCGAGC,0,4,train
>non_terminators_191,CCCACGCACTACCAGCGCCTGGTCCAGCTCGCGATACGCTTCAACCAGTTTCTCCAGTGAAACGCGACTTAAACCGCTGG,0,2,train
>non_terminators_192,CGTACATCAGGTAAAACTGACCGATAAGCCGCTTTCTTTTGGGTATAGTGTCGTGGACAGTCATTCATCTTTCTGCCCCT,0,1,test
>non_terminators_193,GGCAGGATAAGGCGTTCACGCCGCATCCGGCATGAATAAAGCGCACTCAACAATCTGAAACCCGCCGGAACGGTTTATTA,0,1,test
>non_terminators_194,AACCAGGTGAAACTGACCGATAAGCCGCTTTCTTTTGGGTATAGCGTCGTGGACAGTCATTCATCTTTCTGCCCCTCCAA,0,2,train
>non_terminators_195,GCAAAAAAGGCTTCATTTCCCACTCCCGAAGACCACGGTTGAATGAACGTCCTGTTCCCGGTTGCTAACAAGGCGTCCTG,0,3,train
>non_terminators_196,TACCGCGAGGACTTCACTTTTACGCCAGGAAGTATTACTGCATCCTGCAAGCGTAAGTGCTGTCGCAACGAAACACCAGC,0,1,test
>non_terminators_197,CTTACTCGCCCTGTTCAGCAGCCGGAGCTTCCGGTGCTGCAGCAGGTTGAGACTGCTCAGTCGCTTCTTTAATGCTCAGA,0,0,valid
>non_terminators_198,GCCTCTCATTAGCCGCGCGAACCTCTGCAACGGAAGATCATTCATAGCAACAATACATTAGTTTCCAGTGAATTGCTGCC,0,1,test
>non_terminators_199,TACGGCACTGGTGTTAATACCCGATCTTCTGCGCATCCTCGCGACTAATGACAACCCTAACCCAGCTCTATGTGGGTAAA,0,1,test
>non_terminators_200,CAAGAATTAGCGACGCAGACCCAGGCGCTCGATGAGCTGGGTGTAACGTGCTACGTCTTTACGTTTCAGGTAGTCGAGCA,0,1,test
>non_terminators_201,TTCAAAACCCAGGGCCTCAACTGGCGCAGTAATCATCTCTGTTAATTTTTGCTCTAATGTGGACAAGCCCACCCCCAAGA,0,4,train
>non_terminators_202,TCAACATTGATGCCATCTTCACTATCAATATAGATGCGCAGTGTGGATGTGCGACCGCGAATAAATTCGATGCCAACCAG,0,2,train
>non_terminators_203,CTGAACCCTATAACCGCAACTGCGGTCTGGAGCACTTTCCAGAAGGATTTTTTCAAATCCCACTACGAAGGCCGAAGTCT,0,0,valid
>non_terminators_204,GGCACCATCGTTTCAAGGTACCAGCTACGAGTAAAGCAACTGGACGAGATACAGATACCTGACAACCATTCCTCAGACCA,0,2,train
>non_terminators_205,ATTCGTACCGGAACTGGAGTTGACACAATAAAGTGCCAATTATGTCAGTAGAAGGGAAAAATTTATAACTAAGGCGTACC,0,0,valid
>non_terminators_206,GACGGGACTTGAACCCGTAAGCCCTATTGGGCACTACCACCTCAAGGTAGCGTGTCTACCAATTCCACCACCTCGGCACG,0,0,valid
>non_terminators_207,GATCCCCATTACGTGAGGATGGCTAAGGTCCAGTGAAGTACCCTGGGCAAAGAGTTTCATGATGTTATCCCTGGTATGAA,0,4,train
>non_terminators_208,ATCAGATTCGCATGTTTCACCGCATCTATCAGCGAGTTATGCGTGCCACCATCCGAAAAGGAATCAGGCGTGACGTTGAG,0,0,valid
>non_terminators_209,ACAGTCATCTGATGCGGGAACTTACTTGTCGCCTAACTGCTCTGACATGGTGTTACCCGGGTTCGGCGTACGCGGTTCAT,0,4,train
>non_terminators_210,TTGTTATACCTCTTGAATATTCCTGATAGGGCAAGTCTTCACCCACCCCGGCTGTTCGGCCTGCCCGGCATAACTCCTTA,0,2,train
>non_terminators_211,GGACGGCGCACAGATTTCAGAAAATCCAGCTCTTCGCGTAATTTTTCAGCGCCGCGTAAGGTCATCGGAATAGCTTGCAT,0,4,train
>non_terminators_212,ATTTTGATAGTCATTTTACCCTGAAGTTCCCGAAGGGTCATCGTTTACTTTATAGGGCGTTGCGCCGTAGTATGACGGCT,0,4,train
>non_terminators_213,GTCCACAGGAAGAGGAAGCACTGGCCGCCGTTATCGCCCTCTTTAATTCTGGTTTTGATGAAGATTAATCTTCATCACTT,0,4,train
>non_terminators_214,CGAGGCTGAAGCCAACAGCGTTATTGCGCTGCTGATGTTGGATTCTGCCAAAGGACGGCAGATTGAAGTTGAAGCGACCG,0,3,train
>non_terminators_215,CTGAAATCGTTCTCAATCAACGTCATTTGTACATTTTGTGCGCTTTTCACTTTCAGAAGAACCTTAAGAAAACCTTAAGA,0,0,valid
>non_terminators_216,GGCCTGAAAAACAGTGCTGTGCCCTTGTAACTCATCATAATAATTTACGGCGCAGCCAAGATTTCCCTGGTGTTGGCGCA,0,1,test
>non_terminators_217,TTTAATAAAAATGGTACGCATCACACATTTAACTGATTCATGTAACAAATCATTTAAGTTTTGCTATCTTAACTGCGTGC,0,2,train
>non_terminators_218,GCCACCCACGCTTTCAGCACTTCTACGTCGTGACGCCACTCTTCTTTCATCTCTTCAATCCATTCACCGACGTTATCTTC,0,0,valid
>non_terminators_219,GTGGTGAAGCGGACAGCGATCCCCATGGCAGTCGGTTTCGTGGTGAATATGATTGCCACAATCACGCTATTTTATTAAGT,0,0,valid
>non_terminators_220,CGACGCTAGCGCGCGCGGTTTCGCCGATTACTGCGGTGGTGGTCGTTACGTCAGGAATTGCAGGCGTTTCGCCTTTTGCG,0,3,train
>non_terminators_221,AACGCGTAATGCCGGTCGACCACCGCGTGGTGGCTGCGGAGGTTCATCGTCAGGATGAGTGTCATCATCGTGATCTGGCT,0,2,train
>non_terminators_222,TATTGGCGATGTGGTTTTTGTTTTACCTGTCTGTCAGGTGGCAGCAAAAAGCAACTTTCCAGTTTTTACGCTGATTCAGA,0,4,train
>non_terminators_223,TTGCGACCATTGTGGTGAGTCGATGCCGGAAATGGGGAAAAAGAGATGCGCTTTAGTCTGAAATAGTTGACTTAGTCCCT,0,0,valid
>non_terminators_224,TTTCTGCCGGAGCAGAAGCCAATTAACGTTTGGAGAACTGCGGACGACGACGTGCTTTACGCAGACCGACTTTCTTACGT,0,1,test
>non_terminators_225,TGCGTAAAGTGCTGGCGGCAAAACCGGCCATCATCGCCCTGCAAATTGTACGCGGCAATGAAAGCATCTATCTGCTGATG,0,0,valid
>non_terminators_226,CCCAGCTGCTCAGGCTGGCTTGCAAAAAGACGATGTGATCATTGGCGTCAACCGCGATCGGGTGAACTCGATTGCTGAAA,0,1,test
>non_terminators_227,ACGCCTCCATCATGTTTGTGAAGCTCTTACGTTCCGTTGCGATTGGATTAATTGTCGGCGCTATTCTGCTGGTTGCCATG,0,2,train
>non_terminators_228,TCCCTGTAGTAGTGATGCGTGATGATAAGCAGTTAACGCTGCAGGTCACCATTCAGGAATATCCGGCAACCAATTAAGTC,0,3,train
>non_terminators_229,TATTTCGGTGGATAACAAACCGGCCATCTCTGCTCTGGAGACGATGGATCAGGTGGCGGAAATTCGCCCTGGTTCGGTGA,0,2,train
>non_terminators_230,CAATTACTTATTAACGAACTCTTCGCCCAGGGCGATATCTTTCTTCAGCGTATCCAGCATACCTTCCAGCGCGTTCTGTT,0,0,valid
>non_terminators_231,CCACCAGCACCGCCAGAATAAGGCGAATCTGTAGCGACGGGCCACGGCTAAAAATTGGCTTCATAAGTTATGCGTATTCT,0,0,valid
>non_terminators_232,AGGACTGACGGCGGTATCCATATAAGTACGGATTTGACTGAACGTCCCCAGGCGGCTGTCGGCAATAATAATGCCGAGCG,0,4,train
>non_terminators_233,CTCTTCGCTGAACAGGTCGCCGCCGTGCATGTCGATCATTTCCAGCGCTTTGCCGCCACCGCGCGCCACACAGGTCAGCG,0,3,train
>non_terminators_234,ACGAGAACTTCCAGCATGGTGGCACTAACATCCACTATCTGGAGAAAAAACTCGGTCTTCAGGAAAAATAAGACTGCTAA,0,0,valid
>non_terminators_235,CCGCATGAAGAATGCGCTGCAGGAGCTGATCATCGACGGTATCAAAACCAACGTTGATCTGCAGATCCGCATCATGAATG,0,3,train
>non_terminators_236,CTGGGGATCGACAACCCCCATAAGGTACAATCCCCGCTTTCTTCACCCATCAGGGACAAAAAATGGACACTCGTTTTGTT,0,3,train
>non_terminators_237,TCGTAAGAATTAACCTTCGCATCGCCGTAGGGTGACGCGGGGCGAAGTGCGAGCAAGCTCACAAAAGGCACGTAAATTTG,0,0,valid
>non_terminators_238,GAGAGCGTTTGTGAAGCTTATGCCGATAGCTTCGCACTGGACCCGGTCGTGGAAAAAGAAGAGTGGTGCCGTATTACCGG,0,1,test
>non_terminators_239,TCATTCATAAAGAAAAATTGAGAACTTACTCAAATTTCTTTGAGTGTAAATTTTAGTCACTATTTTCTAATATGATGATT,0,2,train
>non_terminators_240,CGCTGATGATGGGCATCAACCGTGGTACGCTGCGTAAAAAATTGAAAAAATACGGCATGAACTAATTCAGGTTAGCTAAA,0,4,train
>non_terminators_241,TGAGCTGGTACTGGCTGAAGTAGAACAGCCCCTGTTGGACATGGTGATGCAATACACCCGTGGTAACCAGACCCGTGCTG,0,0,valid
>non_terminators_242,CACAAAGGGAGTGACCATGAGAACAGGATGTGAACCGACCCGGTTTGGTAATGAAGCTAAGACCATTATTCACGGTGATG,0,3,train
>non_terminators_243,GGGAGGAATGGTCTCTGCAACGTTGCTGGCAATCTTCTTCGTACCGGTGTTCTTTGTGGTGATCCGCCGTTGCTTTAAAG,0,4,train
>non_terminators_244,TTTATTCTCGGCGTATTACCGCTAGCTATCAGTAACGGTGCCGGCAGTGGCGCGCAGAACGCTGTGGGTATCGGGGTAAT,0,0,valid
>non_terminators_245,CCATAAAAATTAATAAGATATTCTTCTGCTCACTCTTTAAAAGCTTTCTATAGTTCCCGCTCCCTTCACTATTTTTACAA,0,4,train
>non_terminators_246,GCCGCACCTGCACCAACTAAAGAAGAAGTATTACTGACAGAAATTCGTGATTTGCTGAAAGAGCAGAATAACCGCTCTTA,0,2,train
>non_terminators_247,ATTTTCTGATTGTGGCCTTTGCCATCTTTATGGCGATTAAGCTAATCAACAAACTGAATCGGAAAAAAGAAGAACCAGCA,0,2,train
>non_terminators_248,ATGTTTTCCTTTTCGCATGTAACTGCCTTTCCCCTTCTTATTTTTCTCTACGCGCTGTCGGAATAAGGGATCATGTAGTA,0,0,valid
>non_terminators_249,ACTGGTCAAGTAACCACATAAATACTCCAGGGGATGAACAAAAAGAGTACAGCTATTGTAGATAAGTGGGGATACTACGG,0,0,valid
>non_terminators_250,CAGTATCAATGGTTCGCCGCTACCTGCCAGGTTATCAAACTCACCTTTCGCTTGCGCTTCTGCTATATGGCGCTCTGCCC,0,1,test
>non_terminators_251,TTGCTTCAGATTACTCTGCAGCAGCTTCTGCTTTCTCTGAACGATCAACCAGCTCGATGTAAGCCATCGGCGCGTTGTCG,0,0,valid
>non_terminators_252,ACTGAGACCCGAAAATCAGGTCGTTAAAAATCCCCATATCGAGGGCGCGGCATTATAACACCGCTTCAAGGATATGGGTA,0,0,valid
>non_terminators_253,CGACGTGCACCGGAGTTGTCGGCGACGTTCAGCATAGTCTGTTCTTGGATCATTTTAGTGCTCCGCTAATGTCAACTACT,0,2,train
>non_terminators_254,TTGAGAGAGTGTACTGTATTACAGAACCGCTTTCTCTACAACGCGAACCAGCGTCCAGGATTTAGTCTTGGACAGCGGAC,0,0,valid
>non_terminators_255,TGCTTGATCGATCAGACGATGATCAAACGCTTTCAGGCGGATACGGATTCTTTGGTTCTGCATGAGACCAGAGCTCCAAT,0,1,test
>non_terminators_256,CGCTCTTTGCGTGTCGGCAGCGGGATCGGACCACGGACCTGCGCACCAGTGCGCTTGGCAGTCTCGACGATTTCCGCGGT,0,2,train
>non_terminators_257,TTGGGAGCATTGTTAGGTAGCCAAATTCGGCTAACTGAGGTTCAGATTGAACCTGCTGTCAACTACGACAAGCCCGCGCA,0,4,train
>non_terminators_258,TGTATCAGAAACTCGGCGTGGCCCATCGCCAGGATGCGGTACAACACGCCCAGCAATTGCTGAAGATGATGGGGTACGGC,0,1,test
>non_terminators_259,CTACTCTGGTTACAGCAATGAGCAAATTGCCGGAGAACTGGAAGTCGCGGCAACCACCATCAAAACGCATATCCGCAATC,0,4,train
>non_terminators_260,CATCATTCAATGCTCACCCGCGTTACGCCATCTGTTTCTATCAAACTAAACCGCACCGGCAAGAAACGCTCCACCACCGC,0,4,train
>non_terminators_261,TCGATCTCTTCGACCGTATGCAACTGGAACACGTTATCGCTATCTGCCGCCAGGCAAAGTCGCTTTCCGCAGCCGGACGC,0,1,test
>non_terminators_262,GATAAACCGTCTGCGCTATAACTGGCAGGAGAGCCGCCCCTCCGCGCTTACGGCGTTGCTGGGCGCAGAGGCAGAAAACA,0,3,train
>non_terminators_263,GCAGGATCAGCACAGCTCCAGTTGAATATGGTGGTCCGTCAGCACCTGCATCACGCTTACTGGCGGCGGGGCGTCGGTGT,0,0,valid
>non_terminators_264,ATTGATTCTGGTGATGATGGCAACCCAGATGTTCCTCGACGGCATTCGAATGTGGATGAAGGGGTAACGAGGAGAGTTTT,0,2,train
>non_terminators_265,TTTGTCATCCTGCTACAGTCTTCGCTATTTTTACGTCTGCTGGGCGAGAAAGGGGTGAACGCACTTGAACGCCTGATGGG,0,1,test
>non_terminators_266,TAACTCAACAGCTGGAACGCAATCATCCCAACGATGGCACCGACAGTGCCGAGGATGGTTTCCATCATGGTCCAGGTTTT,0,3,train
>non_terminators_267,TTATCGAGCGGCATACCAGAAAAAAGGCCAGCCCCCATGGACACCACCATTAAAGCCAGGAAAGCGTGCATACGCGCCTT,0,4,train
>non_terminators_268,CAAACATAGCTCCCAGGGCGACAACCACCGCCAGGAAGCCGAGGGTGCCTCCCATCCCTTTTTCCATCGTCGCTGCGATT,0,1,test
>non_terminators_269,TTAATGTAGTCACTACTTATTTGCCTTTTTTAATAACCTCAATGGTGCTTGCCACAACACCTTCCAGCGGTTGATCGATA,0,1,test
>non_terminators_270,TGCCGCTGCCCGATACGCCCATCAAGACGTAAATGTGGTGATCATGGTTAGTCGTGCTCAAAGTGGTGCCCCCACAATAC,0,2,train
>non_terminators_271,ATTGCGCCGTGGATGGAGGAAATCGCCATCAAGAAACGCGGCATGAAGTTGATGCGCCACTTCACTGGCGACCGCAGATT,0,2,train
>non_terminators_272,ACAATATCAGAAGCAATATCCATCCATGCCTTAAGTGTATAAGTGTGAGCTACTTCAAATTTGTGGGCTTAAATAGATCC,0,3,train
>non_terminators_273,AGCTATTTTGACAGTTTATTAACAATCTGCGTGGGGATTGGCGTTTTGCCGGAGGGGAAATTGATTATTACAGAGGCCCA,0,2,train
>non_terminators_274,TTATTTCGTTTTATGCATGACTACCCGTGCTTTAGCAGCATACTCTGCTAAAACATACCCGATTTTTATGATATTGGAAT,0,0,valid
>non_terminators_275,AATAGCGGAAATTACGCTTCAATGGCAGCACGCAATTTTTTCATCGCGTTCTTTTCCAGCTGGCGTACACGCTCAGCGGA,0,3,train
>non_terminators_276,CGTCAGCTGATCAACACCGTTCACGTTGATATGCTGATTGTTCCGCTGCGCGACGAAGAAGAATAATCTTCCCTCTACGA,0,0,valid
>non_terminators_277,ATGCAATCAAGAAATACGATATGGATTTGGTGGTTTGTGGTCACCACCAGGACTTCTGGAGCAAACTGATGTCTTCCGCA,0,3,train
>non_terminators_278,GCGCGCCTTGTTACCTGATCAGCGTAAACACCTTATCTGGCCTACGGTCTGCGTACGCAATCAAAATCCCCAGCCAATAC,0,4,train
>non_terminators_279,GCGCTGAAGATGGGGGCAACCAAAAAAGACTTCGACAATACCGTCGCCATTCACCCAACGGCGGCAGAAGAGTTCGTGAC,0,1,test
>non_terminators_280,GCGTTGGATCGGAAGAGAAGATTGTCGGTATTCACGGCATTGGCTTTGGTATGGACGAAATGTTGCAGGGCTTCGCGGTG,0,2,train
>non_terminators_281,CGCTATCAGTTCAGAAGCTGAAGCAGAAAGCGGATCAGTTCCAGCAGCGCAATTAACGCCCCTAGAACGATGATTGCTTT,0,3,train
>non_terminators_282,TTGCAATAGTTTCAGTATGGTATTAGCATTGATGCGTTAGATGATGGCTATCTCACTCCAGTCAGAGCCACCAACTCAGG,0,3,train
>non_terminators_283,TGCGCATTGCCAGAGTGAAAATGCCTCAGAGCTAACTGGATAATCATACAGTACATGCAGGTTATAAAACCAGCACGTCC,0,4,train
>non_terminators_284,GACAAGGCTTAATATGACGATGACCCAGTGAAAGTATATAAATCGTCACTGCGATATATACCGAAGTGCTCCCTCCGCCA,0,3,train
>non_terminators_285,TTGCAATGTTAGCCACTGGCTAATAGTATTGAGCTGTTAGATAAGAACTCTCTCACTCCAGCCAGAGCCACCAACTCAGG,0,2,train
>non_terminators_286,CTTTCAAATGAATAGCCAACTCAAAATTCACACCTATTACCTTCCTCTGCACTTACACATTCGTTAAGTCATATATGTTT,0,3,train
>non_terminators_287,CAGTGCTGGCAATTTACTTCGTTCCGGTCTTTTTCGTTGTAGTGGAACATCTCTTTGCCCGCTTTAAAAAAGCGTAACGT,0,4,train
>non_terminators_288,GCTGGTTATCAGTCATGGTGCCGGTTCTGGCGCGCAAAACGCGGTAGGTACCGGCGTGATGGGCGGGATGTTTGCCGCAA,0,3,train
>non_terminators_289,AACCATTCACCACTCAACAACCAGCTAACCGTCAGGAATACCAGGCTTAGTACACAGCACTGAAAGTAGAAACCACTCCA,0,0,valid
>non_terminators_290,ATGGCTGATCTTATTTCCAGTAAAAGTTATATTTAACTTACTGAGAGCACAAAGTTTCCCGTGCCAACAGGGAGTGTTAT,0,1,test
>non_terminators_291,TTGCATAACAGTTAATTGATAATAAGTAAATGCAGCACGAATATATTTTCGCACAGCGTATAGCTTATGTTTATAAAAAA,0,2,train
>non_terminators_292,GTCTGAGTAAAACTCTATAATCTTATTCCTTCCGCAGAACGGTCAGTGCCGTAAAAATTCCCTTGCGCAACAATACTTGC,0,3,train
>non_terminators_293,GAACTCAAATGCAGTAGTTATTCAATACCAGGATAAACCGTACGTTCGCCTGAACGGCGGCGACTGGGTGCCTTACCCGC,0,0,valid
>non_terminators_294,GATGGCAAGATTTTCACCGAAGACAATGTTGACTGGAAAAAACTCACCAGTGGGTTGCCACAAACAGCACCGGTCTCCGA,0,0,valid
>non_terminators_295,GCAAATTGCCATTACGGCAGCCTGACGCCCGCATGACACGTTACTTCCGCTTGTTCAGCCAGTTCACGATCATACTGGCA,0,3,train
>non_terminators_296,AAAGTGTCCTTCACCATCGAAAGCGGCGCTAAAGGCCCGGCAGCTGGTAACGTAACCAGCCTGTAATCTCTGCTTAAAAG,0,2,train
>non_terminators_297,CTGACGATGGCTCTAAAGATGTGTTCGTACACTTCTCTGCTATCCAGAACGATGGTTACAAATCTCTGGACGAAGGTCAG,0,2,train
>non_terminators_298,TTCAGGAAATAAATAATCGATCGCGTAATAAAATCTATTATTATTTTTGTGAAGAATAAATTTGGGTGCAATGAGAATGC,0,3,train
>non_terminators_299,CCTAAAAAAATCTCATAAAATTAATATATGAGATAATCTTTATTCAGCAGAAGATTATTAAAGGTTGCTGTATTATTTAG,0,2,train
>non_terminators_300,GGTGAATACCTGAGACAAACAGTCTCAAGCACCCGTGGCTATTCTAGCTTAATAAGTTTGTTTCTTCTCCTTGATATAAT,0,1,test
>non_terminators_301,GGCGTTATTATTGCAACAGCGAAATATCCGCAACGCGCAGGAACAGTTCGCGCAGTTTCTCCAGCATGGTCAGACGGTTG,0,2,train
>non_terminators_302,AACGACACTTTTGCTGAAGCAGGGCTACGGCTTTGTTCGTGAGCATGGCGACGATAAAGTGCTGGTCGTCTGGGCAGGGC,0,4,train
>non_terminators_303,AAATCTGCCGCCAGCGTCGCGCACTGGCAGAAAATCAGCCAGTTCCGCGCCCGCCATCCCGCAATTGGCGCGGGCAAACA,0,0,valid
>non_terminators_304,AGACCGATTTGCACCCCAGCAAATGTAGCGTTATTGTTACCTTCCTTGCTACAGAGTTCGACAGATATCCCGCTATGACA,0,3,train
>non_terminators_305,CGTAGGTTTAAAACGTAAATTGTAACAACGTGCGCTTTGTTTATGCCGGATGCGGCGTGTACGCCTTATCCGGCCTACGG,0,1,test
>non_terminators_306,CATCGAAACGCGAGATTAAACTCCTGACAAAACACGCCCCAGAAACGTACTTCTGTTGGCGTAGTCTGGGTTATTGCGCA,0,4,train
>non_terminators_307,CAATGCGACCAGCTTCTTATATCAGAACAGCCCCAACGGTTTATCCGAGTAGCTCACCAGCAGGCACTTGGTTTGCTGGT,0,1,test
>non_terminators_308,TTCAGCGCTATCAACAGGCTGTGCGATCAACAATGGTCCTTTCACTGACTGAGCTGATTTCCAAAATCAGCTTAAAAAAA,0,4,train
>non_terminators_309,TGGTGAACTGCACTGCGTGGCGGCGTTACCACCGCCGCCACAGTTTGAACCAGCAGACTCCAGTTTGTATGCAATGCAAA,0,1,test
>non_terminators_310,TAGTTTAGGTTCCCGGTAAAGATGACATTAAGGAAAACGTGCTGAATCCTCAATAATCATCCGCTGCTGTTTATTATCTT,0,3,train
>non_terminators_311,GGCGGCTGGTTTCAACTTCGGGTAATTCAGGCATAGCATCTCCAGGAATGAACAGATGCAGTCAATATGGGGGCAAGCAG,0,3,train
>non_terminators_312,TGAAACCGGCCAGCGCAAGCGTCCGTTGCGCACCACTGCATGAAGAATGGTTGCACCAACGAGATGCGGTTCTATGCCGC,0,1,test
>non_terminators_313,CATCAAAGCGAGAATTATTTGATTTTCGCTTCTTTGTAGATCACGTGCTGGCGAACAACTGGATCGAATTTTTTCAGTTC,0,3,train
>non_terminators_314,ACGTTTTGTCCGCAGCGAATTTAAATACCGCCCGACGGATGATTTTGACGCCCGCTGGCCGCTAATTGCGGCACAGTTGC,0,0,valid
>non_terminators_315,ATGCGTGAGGGTGAAGGTTACACCACCGATGAAACCCTGCTGGCAAGCCAGATCCTGGCCTTCTGTGAAGGTATGCTGTC,0,1,test
>non_terminators_316,AACGCCAAACTCTTCGCGATAGGCCTTAACCGCCGCCAGATGTTCCGCCATTTCCGGCTTCTCTTCCAGGTAAGCAATCA,0,2,train
>non_terminators_317,ACACCTGCTTGCTAAGCGCAAATTCAATAAACTGGCGCTGATATGGTTTCATGCCTTCGCTCCTCATCTTACTTTTCTAC,0,4,train
>non_terminators_318,GCGCCCGGTATTAAACAGCCCGGCGTTGAAGAAATAGGGGCTTTTGCGCCCGGATTTCAGCGTAAACTCGCCAAACTTTA,0,0,valid
>non_terminators_319,TTGCCAGCGCCGCCTTCTGCGTCGCTACAATGGATTCGATTCCCCTCGGGCCAGAGCCAACAAGATGAGTAGCTCTTCAT,0,4,train
>non_terminators_320,TCGAGCTGAAAGTGTTGATTGAGCAGATGCGCGAGCAGATTCAGAACATCGAATAACTCGTAACGCCAATTCTTACTTTT,0,2,train
>non_terminators_321,TTTTATGATGCAGGAGTTCAACCGCGAGTCGAACACTCTTGCGTCGAAGTCTATCAATGCCGAAGTGACAAACTCCGCCA,0,3,train
>non_terminators_322,CAACATTCAATTCTGTTTTGCGTGCCTGCTCCAGATTTTGCGATGTTTTTTTGCCCAGCACACTGAGAACGTGAGATACT,0,1,test
>non_terminators_323,TCCAGCCCCAGCAGCTGCGCAAAGCCGGAGCGGACGATGAGGTGATCGTCTATAAGGGCAACGGTGATCATGGTCTTGTC,0,1,test
>non_terminators_324,ACACCTGCACACCGCGCCCCGGCAGCCCCGCCAGCGCCTCGCGCCCCGAACCAAACTCGGCAACTACCTGCAAATCAGGT,0,1,test
>non_terminators_325,AGCCTTGAGCGGTTACTGAAAAAACACCGCGATCTTGTTAAACATCGTCGGATCGGACTGATTACGCTGCACTTTCACGA,0,2,train
>non_terminators_326,TAAAGCGCTTACGCGTCGATGTTGTGCCCGAACTTGCCATGCTCCAGTCCTTTTCTTCTGGGCCGACTTTCCGGGAGGTG,0,2,train
>non_terminators_327,CAGGATAGAACCGCCCGGAATGCCTGTCACAATCTTAATGCCCTGCTGTTCCAGGAAATGAACGATAAATTCTGCGCCGG,0,3,train
>non_terminators_328,GACCTTGTTGGTTTTGTGTTTAACAATATTTATACAAGCACAGCTTTACAGGGGAGACAATGGAAAATTTTTCAGCAAGG,0,3,train
>non_terminators_329,GCGGCTGGTAACCGCAAAGCACACTGTATTATGTCAACACTGAAAGTATACGTGTTCCGCGCAGAACGCGCAATTTCGGC,0,4,train
>non_terminators_330,CCATTCTTATCCTCAAACTCATTGTTGCAGCACTGCAACTGCTTGATGCTGTTCTGAAATACCTGAAGTAATTCAGATTC,0,3,train
>non_terminators_331,TGGCAACAGGCAGCGGAAAGGTACGTCAGCTGGCAGTGCTCCTGAACCACAGGAGACGCGTATGAACCTGGTGGATATCG,0,4,train
>non_terminators_332,GTGCGGGTTGGTGTCGGATGCGATGCTGACGCATCTTATCCGCCCTACCATCTCTCCCGGCAACATTTATTGCCGCTTTT,0,4,train
>non_terminators_333,CAGAATAGACAAAAACTCTGAGTGTAATAATGTAGCCTCGTGTCTTGCGAGGATAAGTGCATTATGAATATCTTACATAT,0,1,test
>non_terminators_334,TACGTAATTTATAATCTTTAAAAAAAGCATTTAATATTGCTCCCCGAACGATTGTGATTCGATTCACATTTAAACAATTT,0,4,train
>non_terminators_335,TGTAGCCATCACCAGAGCCAAACCGATTAGATTCAATGTGATCTATTTGTTTGCTATATCTTAATTTTGCCTTTTGCAAA,0,1,test
>non_terminators_336,GCAGAAAAGGCTAACGGTGCCATTAATAAGATGGCAGAGGTAATAAGATTTCGTCTAAACATAATATCCCTTTATGGTGC,0,4,train
>non_terminators_337,GTTCGCTTTGCGTTTCTCTTAACGCCTTTTCTAATAACTCAAGGCGTTGTTCCACCGTTAATGATTCAGCCAATGATTGT,0,1,test
>non_terminators_338,TGGTTATTTTTTTTAATGACAGCCCCCGCGTCTTGATCACCTCTGCATACCATCCGAAGCTTTTCTTGCGTGTTCTTGTG,0,1,test
>non_terminators_339,TGTTATCTGCGCCCCCGACTCCTGCGACTATTTTTCTGGCTAACTCCGTCATAACTTGCCCTCTACCGCTTTGCGGCAAA,0,4,train
>non_terminators_340,TTTCAGTACCTCTGCTTGCGCTTTGCTTTCATCCTTTAATTTAAAACGTAATCGCGTTGCGCAATGCATCAGACTCACAA,0,3,train
>non_terminators_341,TGCGGTAACAATCCTTTACTCAGTAATAATATTTCAGTGTTCTTTGCGCACGCGCTCTATATTTATGGCTAAAAACATAA,0,3,train
>non_terminators_342,CGCTGTTGATCATCAATAACCACCACAACATTATTGTTGAGAATTTTGGTGATTTGCATGTTCATAGCAAGGACCTTTTT,0,4,train
>non_terminators_343,CTTTTTCTATTCCACTTGAGTTAATTCTTTCGCCAGCGCGTTTTTGAAAGCCAATTCCGCGCCCCATGACGACTTTTTCC,0,4,train
>non_terminators_344,GCAGTAACAATCCAGTCATTTATTAATGGTTTTTATAACGAACATCCAGGTTCGGAAATTAATTTAATTGCGTGCAGAGA,0,3,train
>non_terminators_345,ATCAGGCTTACCGTAGGCCGGATCAGGCGTTCACGCCGCATCCGGCAAAGTGTTAACCGTGTACAGAGTCAAAAAGGCGC,0,3,train
>non_terminators_346,ACGAACCTGAATTTTACTCGGGGCAGTTTCAACCATACTCATTGCAATCTTTTCCTCATCGTGCCTGATGCACTTCGCTA,0,2,train
>non_terminators_347,GGGAAAACCGTGTCAGCAATATCAACCGTGTTTATTCTTCGCAAAAACAACGCGCGCCAGAATGTTCAGCAGCAGTACGC,0,3,train
>non_terminators_348,CGCCCTTTTTACCCGGTGGGTTAAAAGCAGGCTTGGTTGCAGCCATAAGTTACTCTTCAGTTAAACGCGTTTACAAAGTC,0,3,train
>non_terminators_349,GATCAGAGAGACAATAATGCCACCCAACATCAATAGCACAATCAGCGCCGCCAGTTTTACCAGCACGCTGAAAATTATGT,0,3,train
>non_terminators_350,ATTAGTACAGCGGCTTACCGCTACTGTCTTTAATATTGGTCTTCCACGCAGCGCGAACCTGTTCAACTACACTATCCGGC,0,1,test
>non_terminators_351,CATTCTGTGACAGAGAAAAAGTAGCCGAAGATGACGGTTTGTCACATGGAGTTGGCAGGATGTTTGATTAAAAACATAAC,0,1,test
>non_terminators_352,AGTCTTCAGTCTGATTTAAATAAGCGTTGATATTCAGTCAATTACAAACATTAATAACGAAGAGATGACAGAAAAATTTT,0,4,train
>non_terminators_353,ACTCAACCGTAACCGATTTTGCCAGGTTACGCGGCTGGTCAACGTCGGTGCCTTTGATCAGCGCGACATGGTAAGCCAGC,0,3,train
>non_terminators_354,CGATCAATGAATAAACAGGAAAACAGGGGGGTTTTATATCAGCAGGATCTATGTGAACGCTATTCAGGACGGGTCACACG,0,3,train
>non_terminators_355,CCATCGTCACGCCTTTTGTCTGCAGAAAATTAAGGCAGTACCTTAATTTAAGCGTCAGGTGGATGTTTTTGCTCTTATTT,0,2,train
>non_terminators_356,TTCAAGCCGGTGTTACATCGCTTTTTTGGTCAACTCGATAACGCGCAGCTGCGCGATCGCTTTGGCCAGTTCCGCAGACG,0,1,test
>non_terminators_357,GTTTTTCTGGTGATCGGTAAGCGAAATACCTGCGTCTTTCAGCAGTAAGGAGAGTTTGTTGAGCACGGTGATTACCTGTT,0,3,train
>non_terminators_358,ATCTCATTAGGATCGCGGACCGAAGTCAGGTTGTACGCTTTGTTCCATTTATGCAGCATATTCACGTAGGCAATAAGCTG,0,2,train
>non_terminators_359,GTTATGCGCTACGACGCAGCATACCCTGTTTTTTCAGCCACACCAGCAGAATGGAGATGGCCGCAGGCGTGACGCCAGAA,0,2,train
>non_terminators_360,TCCGCCACCCTAATTAGGGGCGTAGTTCAATTGGTAGAGCACCGGTCTCCAAAACCGGGTGTTGGGAGTTCGAGTCTCTC,0,3,train
>non_terminators_361,AGAATTCGGTGGAGCGGTAGTTCAGTCGGTTAGAATACCTGCCTGTCACGCAGGGGGTCGCGGGTTCGAGTCCCGTCCGT,0,1,test
>non_terminators_362,ACCCTCTCCGAAGTAAATCCTTCTACCGGCATCCTTGCCAGCCATTCATATTAATACACTTCATCCAGCACGTTAATTTT,0,2,train
>non_terminators_363,ATAAAAATCGGCCAAAAAATATCTTGTACTATTTACAAAACCTATGGTAACTCTTTAGGCATTCCTTCGAACAAGATGCA,0,1,test
>non_terminators_364,TCATACTGAAATTGAATTTTTTTCACTCACTATTTTATTTTTAAAAAACAACAATTTATATTGAAATTATTAAACGCATC,0,1,test
>non_terminators_365,TAAAAACATAACCGAGGAGCAGACAATGAATAACAGCACAAAATTCTGTTTCTCAAGATTCAGGACGGGGAACTAACTAT,0,3,train
>non_terminators_366,TCGAAACCCGGCTGAATGAGCTGGGCTACGATTGCCACGACGAAACCAATAACCCGGCGTTCAGGTTCTTTTTGGCGGGT,0,2,train
>non_terminators_367,TTTGTTCCACTATCGCAGCCATGGCACCGACTACGGGCGCGTACTGGCGGCGTTCGAACTTGGCGACCATGAACCGGATT,0,2,train
>non_terminators_368,CATCGCTTCATGCCCGCCAACCGTGGCGTAAATCATCGGGTTACTGATTTTATTGCGTCGAAACCACAGTTCAATGCGGC,0,1,test
>non_terminators_369,TCCCGTTTTATCTTAAATGCGAAGTGAACAGATTTCTGGCTCGTCACTCAATCCGTCTTGTCGTTTCAGTTCTGCGTACT,0,1,test
>non_terminators_370,CGGCGTGAGTCATGCTAACTTAGTGTTGACTTCGTATTAAACATACCTTATTAAGTTTGAATCTTGTAATTTCCAACGCT,0,3,train
>non_terminators_371,CAACATTAAGTTCGAGATTTACCCCAAGTTTAAGAACTCACACCACTATGAATCTTACCGAATTAAAGAATACGCCGGTT,0,2,train
>non_terminators_372,TGCCATCCTGAAGCAGCACGCAAAGAGTGGCGAAGATATCTTTGGTGATGGCGTACTGGAGATATTGCAGGATGGATTTG,0,4,train
>non_terminators_373,CCTACCTCGCCGGTCCTGATGACATCTACGTTTCCCCTAGCCAAATCCGCCGTTTCAACCTCCGCACTGGTGATACCATC,0,3,train
>non_terminators_374,CGCTGCTGAAAGTTAACGAAGTTAACTTCGACAAACCTGAAAACGCCCGCAACAAAATCCTCTTTGAGAACTTAACCCCG,0,3,train
>non_terminators_375,AACTGCTCGCGTACTGGATCTGGCATCACCTATCGGTCGTGGTCAGCGTGGTCTGATTGTGGCACCGCCGAAAGCCGGTA,0,1,test
>non_terminators_376,GTTTTGATGAACGGTTGAGTGGTTGGCAAATCTGGAATCCAGCATCCAGGATTACCCTCTCAGAGACTAAAAGCATTGCA,0,4,train
>non_terminators_377,TACAGCGGCTATGGCGAATCGCTCATCGACTATAACTTCAACCAGACCCGTGTCGGTGTGGGGGTTATGCTAAACGATTT,0,2,train
>non_terminators_378,AGGCAATCGGGGTGAATGTGGCGCAGGCGGAAGTGTTGAATCTGGAGTCCGGAGCTAAACAGGTTTTACAAGAAACCTTT,0,4,train
>non_terminators_379,TTCTTCTCACGCTTTTACGTTGGTAAAGGGCGAAATCGGGAAGAGGAAAACGACGCTGAAGCAGAAAGCGAAAAAACTGA,0,4,train
>non_terminators_380,GGATGTTGCTGACGCCGCCGGATGTCTTCTCGCAAACGCTGTTGGCGATCCCGATGTACTGTCTGTTTGAAATCGGTGTC,0,0,valid
>non_terminators_381,TACAGGATGTTTGATATCGGCGTTAATTTGACCAGTTCGCAATTTGCGAAAGACCGTGATGATGTTGTAGCGTGCGCTTT,0,3,train
>non_terminators_382,TGGAATCAACACGGATTGTTCCGGCTAAAGGAAAAACAGGGTGTGTTGGCGGCCTGCAAGGATTGTAAGACCCGTTAAGG,0,4,train
>non_terminators_383,GATGAGGGTCAGGAGCGCCAGGAGGCGAAGACAGAGGATTGTCAGGAAGACAAACGTCCGGAGACGTAATTAAACGGAAA,0,1,test
>non_terminators_384,CTGTTAGATTCCGCCGCAAATCTATACTGAATAAAACGGCTAAAAGACGAACCATTATGAAACCATCATCTTCAAACTCA,0,3,train
>non_terminators_385,CCGCCAAGCGGATTTTTAATCTCATGTGCCAGGCCGCGCACTAAATCACGGGCAGCAACCTGCTGGGCGTGCTGTAGCTG,0,0,valid
>non_terminators_386,GTTCGATAATCACTTTGGTATATTCGAGTAGTGATGGGTCAGGTAACGCTTTGCTGAGCAGCTGCGCCGCGCCACGTAAA,0,1,test
>non_terminators_387,TCCAGCAGGATCATGCCGTCCGGCATACGCTGGGCCGTCACAGAAAGGATATGCGAGCGCCCGTCGATGACCAGCGTCAC,0,0,valid
>non_terminators_388,AAAGTTCATCGTTGAAGCTATTGAGTAGTAGCAACTCACGTTCCCAGTAGTAAACCCTGTTTTCCTTGCCATAGACACCA,0,2,train
>non_terminators_389,AACGCCGGAGCAGCAAGCGGTTTTAAACGAGAAACATCAACAACGAATGGAGCAGTTGCGTGACGTGACGCAATGGCAAA,0,0,valid
>non_terminators_390,CCTCAATTTGCCTGCTGCTTAATGCATTGCAGATGATTTGCTTCCGTTATACTAGCGTCAGTTGATAGCGGGAGTATTTA,0,2,train
>non_terminators_391,ATCTACTGACGCTTAACCGTGCTTCAGCCGAGGAAATTCAGGATCATCAGTGTGAGATTTTGCGTTAAGGCGAAGAGTTA,0,1,test
>non_terminators_392,GCGGGAACATATGGGACGCTACGGGCTGGCGATGGTACGGCAGAGTGATAACTCATTTGTATTGCTGGCGACACAACGAA,0,4,train
>non_terminators_393,TAAGCCTGTTTAGCCGCTTCTGCAGCTTTAACGATTACTGCGAAGGCGTCAGCTTTCAGAGAAGCACCACCAACCAGCGC,0,1,test
>non_terminators_394,CACTTTAGTGACTTTGCCTGTTACCCAATCAGCCATGTTTTTCTCCTGTTTTGATTGACTTGCCTTATCTTCGTTCTCCG,0,0,valid
>non_terminators_395,AGCTTGGTAAATTGCCCGGCGGTAAACGGAAGCACGGGGGCGTGAACGGTGAGACTAAACAGGGCGTCGGTCCAGTTCTG,0,0,valid
>non_terminators_396,ATCAAATCAATCAGAGGATGTGCACCTGCATTTCCGGGTCTTTGCGATCCAGATAGTGGATGGACTGAATGCGGCGAATG,0,0,valid
>non_terminators_397,GGCGAGGGGGAGGGTTTTAGGTCGTAAACTTTCCAGCCACGCCTGAGTTCGGCTAATTTGTTGTTCAGTCATAATACGCG,0,1,test
>non_terminators_398,ATTAGTGCCAGCAGGGCGACCAGCGGATCGAAGTGACCTTGCCACCATGCCAGCGCTGTCCCGACGATAATTGCAGCAAA,0,1,test
>non_terminators_399,ATGAAAATGATTGAACGCGATTATAGGATAAAACGGCTCAGATCTTCATCTGCCACCAACGCATCCAGATGTTTGCTCAC,0,4,train
>non_terminators_400,TTCTTCCCGGCAGTACTCTCCGTCATTATGGTGTTCTGGATTGGCGCGAAGATGCGTAACCGTAAGCAGGAAGTTGCTGA,0,3,train
>non_terminators_401,TGGCAGCTGCCTGTTTTATTCTCGGCGTACTGCTGTACAGCACGGTAGTTCGTGCGGAATATCCGGATATCGGCTCTAAC,0,1,test
>non_terminators_402,TCGCGGTCAGTAATACGCCGCACTCCATATGGTGCGTGTAGGGGAACTGATCAAACAGAGCCAGACGTTCGACCTTGTGC,0,4,train
>non_terminators_403,ACCCCATGCCGAACTCAGAAGTGAAACGCCGTAGCGCCGATGGTAGTGTGGGGTCTCCCCATGCGAGAGTAGGGAACTGC,0,0,valid
>non_terminators_404,GATACAGATTAAATCAGAACGCAGAAGCGGTCTGATAAAACAGAATTTGCCTGGCGGCAGTAGCGCGGTGGTCCCACCTG,0,0,valid
>non_terminators_405,TCGGTGAACGCTCTCCTGAGTAGGACAAATCCGCCGGGAGCGGATTTGAACGTTGCGAAGCAACGGCCCGGAGGGTGGCG,0,2,train
>non_terminators_406,CAAACTCTTCCTGTCGTCATATCTACAAGCCATCCCCCCACAGATACGGTAAACTAGCCTCGTTTTTGCATCAGGAAAGC,0,3,train
>non_terminators_407,GGTCGTGCGACCCCGGTAGAGCTGGACTTCAGCCAGGTTGAAAAAGCCTAACCCAGCGATCAAAAAAGCGGCGATTTAAT,0,3,train
>non_terminators_408,GTCCGTTCGCTGACTTCAACGGTGTTGTTGAAGAAGTGGATTACGAGAAATCTCGTCTGAAAGTGTCTGTTTCTATCTTC,0,4,train
>non_terminators_409,ATGGGCCTTGCCCGTAAAACGATTTTTTATATCACGGGGAGCCTCTCAGAGGCGTTATTACCCAACTTGAGGAATTTATA,0,1,test
>non_terminators_410,AAGACGCATCTGCCAGCCTGGCAGAACTGCTGAACGCAGGTCTGGGCGGTTCTGATAACGAGTAATCGTTAATCCGCAAA,0,4,train
>non_terminators_411,TACCGGTTACGCGTACCACCAGGATCGTATGCGTCGCCGTGCTGCGGGTGAAGCTCCGGCTGCACCGCAGGTGACTGCAG,0,0,valid
>non_terminators_412,GGGGGAGTTTAGGGAAAGAGCATTTGTCAGAATATTTAAGGAATTTCTGAATACTCATAATCAATGTAGAGATGACTAAT,0,4,train
>non_terminators_413,TGAAAAACAGAAAGGTAAATCAGTGAAATTTTTCACCATTGCCTACAACTTATTGAGAAATAAGCAGCTTCCTCAGCCCT,0,4,train
>non_terminators_414,GCATTTTACTTTGTTGCGTTCAGGGCTTTCAGGGAAAAGAAAAAACTCCGTTTGCATGTAACTAGCGCTTATCCCATTTC,0,1,test
>non_terminators_415,TTATCTCTGGTATTCAGAACGCCATTACCGGACTTTGCCTTGACCTTGCGATAATCGCAGGTTGCGGGATGTCTGAATTT,0,3,train
>non_terminators_416,TTGCCGCAGCTAACGTACCGGCATTTGTTTCTGGCAAGGCACTGAAAGACGCAGTTAAGTAAGATTGCGTGGCAGTGAAC,0,2,train
>non_terminators_417,GGTTGGTTTCGGTACCTTCAAAGTGAACCACCGCGCTGAGCGTACTGGCCGCAACCCGCAGACCGGTAAAGAAATCAAAA,0,3,train
>non_terminators_418,GGCGTCGATCATTGATGCTGGCTGGCGCTCTGCTTCTCACTGCCTGTAGTCATAACTCTTCACTTCCTCCCTTTACCGCC,0,3,train
>non_terminators_419,GTGTCGCGCTTGCGGCAACCGGTGGCGGTGATGGTTCTAATACCGGGACCACCACAACCACGACCACCAGTACCCAGTAA,0,2,train
>non_terminators_420,AGCGGCAGGGTCGGCAGCAACGTCGGTTTCGGCGGGGAGTTCCTCCGCGACCAGCGTCAGCACCGTAAGCTCGGCGGTGG,0,4,train
>non_terminators_421,CCACACTCCGGTGTGGTTATTCTGCCCCTCTGGAGAAGAGTCGTGAAGCGACCTGCACTCATTCTTATCTGCCTGTTATT,0,0,valid
>non_terminators_422,AGTGGGAAAACAAATAACGTAAAAATAATAAGCTCTATGATGGAAATATTAACCGGCGAACGATTCAGATTGCAGACGAA,0,2,train
>non_terminators_423,ATCTTAATTGTGATAATTATCCAAAATTGATAAAAACAATACTATTGCCGTGACTCAGAGCACGAAAGAGAATTATCGTA,0,4,train
>non_terminators_424,CACAAGTTGGGATAACGTAAGTTGAGGGTGCAGCGGCATAACATTGGCAGAACAACATCTTTAACCTTTCACACCACCTG,0,0,valid
>non_terminators_425,GCCAGCGGTCGCATGTGTGTCGCCGGGTTAAATACGGCAAATGTACAACGTGTGGCAAAGGCGTTTGCTGCGGTGATGTA,0,2,train
>non_terminators_426,AGCGCGGCATGTTCAGTTATACCGGTTTAAGTGCCGCTCAGGTTGACCGACTACGTGAAGAATTTGGTGTCTATCTCATC,0,4,train
>non_terminators_427,AACTGTCGTCGCTTTCACTCTTTCTTTATAGATGATTTTTTTGATGCCATCGTTCTACGTGAGAGATAATAAACGTTGTT,0,1,test
>non_terminators_428,CTGCCTTTCGCGCAGTGATTGCCCGTTGCGTAACCCGGGCGACCGCTTAGGAGAAGAAGGTACCGGCGCACGCTTGCTGG,0,4,train
>non_terminators_429,CAATGGCGAGAAGAGTTGGATCGGCGCATTCATACCTTAGTGGCGCTGCGTGACGAACTGGACGGATGTATTGGTTGTGG,0,1,test
>non_terminators_430,CTTTGTCTTTCTCTCTATCCCGCTGGTACACAGGAGGGTTTCCCCCGACGTCAACACACCTCATTCGAGCACGTGGTGGA,0,0,valid
>non_terminators_431,TGGATGCGTGGCTGGGCGCACAGTACGAAGGCGGTCGTCATCAACAACGCGTGGAGGCGATTACGGCAATAGAGCAGCGG,0,2,train
>non_terminators_432,ACTTTCGCGGCAGCATAACGACACCAACGTGCTGGCTTTTGGTTCACGAGTGGTTGGCCTCGAACTGGCAAAAATGATTG,0,1,test
>non_terminators_433,GTGGATAGAGTTTCTTTTTGAGGTTGGCTAATGAAACGCTTTCCGCTATTTCTTTTATTCACCCTGCTCACGCTGTCCAC,0,0,valid
>non_terminators_434,GCGGGGTGGGGCCGCGCAAAAAGTATGACATTTTTGTTTGCAGCAATTTTTATGAAAACGTTGCCATACTCAAAAGGCCT,0,3,train
>non_terminators_435,TTTTACTAATAGTACAAATTTTTATAGTAATTTCTCATGTACATATTTTTTTACAGGATAAATAACAGGCAAAAAAAAGC,0,0,valid
>non_terminators_436,TAGTGGTTACGCTTTCACGCACATAACGTGGTAAATACCGTCAATAATTTCAGTCCCTTCAGTTTCGTGTTCAAATCCAG,0,0,valid
>non_terminators_437,CTTGAGTGTGCGGGTCATGGTGAGTTCGCAAATCAGGGAAAATACTGACTATTCACCAGCAAGCGTGAAATTACAATCGC,0,3,train
>non_terminators_438,GTGAGTTTGTCATGGGCCGAAATGCCGGTATAAATCAGGATTAACGTTAGCGTCAGTGCGCTGGTGTTAAGAATTAACGG,0,2,train
>non_terminators_439,AGGCGCTGGGCCGAAGAGGTTACTTAGTGCAGTTCGCGCACTGTTTGTTGACGATTTGCTGGAAGAAGTCGTTACCTTTG,0,2,train
>non_terminators_440,ATGAGTTCTACAACTAGCATATTAGCCTTCCTTGTTTTTTAACAAGTTGATATTAGATTGTTATTTTTAAGTTACTGCTC,0,1,test
>non_terminators_441,CCAGCACCCCCAATCCGCCTGCAAAACCAATACCTATTCCCCCCAATCTGGCGCCCAAGAAGATCGCCAGCAAAACTATG,0,1,test
>non_terminators_442,GTACTACCCTGTACGATTACTGTTCGCTTTCATCAGTATAGCGTTTTGCTTTGTAAGCCGGGTGCATCAGATTCTGTACG,0,0,valid
>non_terminators_443,CTGCAACACCACGCGTGGCGTTGGTGAAGACATTTCTGATGGCGGTAACGCGATTTCTGGCGCAGCAACGAAAGCGCAGC,0,4,train
>non_terminators_444,ACCTAAAAGGAAGACGTTATGGTGAAGAAGACAATTGCAGCGATCTTTTCTGTTCTGGTGCTTTCAACAGTATTAACTGC,0,2,train
>non_terminators_445,TGCGATAGTCACAAAGGTAATAGTTGAAATTCCCCTGCCACCTGGCAAAATATCCGTTCAACCATCAGCTTTGCAGGACG,0,2,train
>non_terminators_446,CGCTGCGGCAACGAGAGGGAGCAGGCGCATAAATGTTTCCTTACTGGTTTTTTTCTAAGTGTAGATGACAGCAAGGAAAA,0,3,train
>non_terminators_447,TTGGCGTCGAAATTATTTACTACGGTCACGCCACGCGGCGGCGTAGGAGAACTGCAGGCAACGACCAGAAATGCAGCTGT,0,2,train
>non_terminators_448,TTACTGTAGAGCGTTAAGAATCTGCCAGGCGGCGTCGACTCTCGCTGGATTGGGATAGTTTTTGTTTGCCAGCATCACGA,0,3,train
>non_terminators_449,TTGTTGAGGGGCAGCAAATGTGGAGCAAGAGGCGGTAATTAATAAGGCGCAGAGCGTCGTTTTGAACATAGGGTCTGGTT,0,1,test
>non_terminators_450,TAAATTACCGCCACCGCCATACCCGGGATCTTTTGTTGCTCTATAAGCGGGGTAATTGTGCGATGCACAATATCGTTGAT,0,3,train
>non_terminators_451,GGCGATGCGTTAGATTGTAACGACACCAATCAGCGTGACAACTGTCAGGATAGCAGCCAGACCGTAGAAAACCCATTTGC,0,4,train
>non_terminators_452,AGATGACATTTTTGGTTGGCTGCAGAATATATTGCGCGGAAAAATTTAAAAACGGGAACGTTCCCGAAACGCAGCGAAGA,0,1,test
>non_terminators_453,TATTGCCGCGCCCGCCGACCAGTTCAATCAACCGATCGATATCCGTTTGGTTTATTTTGCTCATCATAAAGCCCCATGGC,0,0,valid
>non_terminators_454,GTGGCGGGGATGATGATTTGTTGCGGTTCGCTGCGCCCGGTTACCTGCGCGATCAACTGGCAAGCCGCCTGGCGTCCAGC,0,1,test
>non_terminators_455,GTCATCGCGACTAAGGTCGTTTATGGAAATGATATGTTTCTGATATAGCGGATTAGCCATCTTTTATCTCCTGACGCCTG,0,1,test
>non_terminators_456,CTGGCAATGACTTTGTGCTTCAACAGCTCTGGTTGCGGGTTTGCTTTCAGTTTCGCCGCTGTCGCCAGCACCAGATTAAG,0,4,train
>non_terminators_457,GATCAACGGGAAGAAAAACGGCAGGCCAGCGTCTTTTTTCAGACGCGGTAAGACAAAATGTCGAACACACTGAACCATAC,0,0,valid
>non_terminators_458,TTTAATCAATAAAGAAGAACAACCAGATAAAGGCTTCTTAGCCAGTATTTCACGGGGAGTTATGCCTTCTTTACCATTTC,0,2,train
>non_terminators_459,GCTTATCCACTGCTGAAAATATGGATGATTGACTGGCAGGCAAAAAATACGTATTTGCTGGGCGATTTGGATGACCTTCC,0,3,train
>non_terminators_460,TCACTGTGTTTTGATTACAGCGCGGCGATAACAGCCTGCTGTTCAATCAGTTTCGCTTTCGCTTCCGCATAGCCTTCCAG,0,0,valid
>non_terminators_461,ATCTAACTGTTTGATATGTAAATTATTTCTATTGTAAATTAATTTCACATCACCTCCGCTATATGTAAAGCTAACGTTTC,0,2,train
>non_terminators_462,ATTGGGGCCAAACTGTCCATATCATAAATAAGTTACGTATTTTTTCTCAAGCATAAAAATATTAAAAAACGACAAAAAGC,0,0,valid
>non_terminators_463,GATAACAATAGAATATTAAGCCAACAAATAAACTGAAAAAGTTTGTCCGCGATGCTTTCCTCTATGAGTCAAAATGGCCC,0,1,test
>non_terminators_464,ACTTTGCTGGTCTGTTCCCCTCACCCTAACCCTCTCCCCGGAGGGGCGAGGGGACTGTCCGGGCACATTTTTAGACTTTG,0,0,valid
>non_terminators_465,CTGAAGCTAAAAACCTGCACGTTAGCCCTTTGTAGGCCAGATAAGACGCGTCAGCGTCGCATCTGGCATAAACAAAGCGC,0,3,train
>non_terminators_466,TTACGCTACCATGCTAATAATCAGCACAATAATCAGCCCAACCACGGAGTTGACCAGCTCCAGCAGACCCCAGGTTTTCA,0,1,test
>non_terminators_467,TCTAGTGTCAAAAAAATGCGATGTTGTTAGGAATTAGTTTATAAACAGACTTTTTTGATTACGGTCACTTCCCGTGTAAC,0,4,train
>non_terminators_468,CCTCACTAAACCGGGCCGTTTAGCCAACGTTTAAGCTTTTTGAGAAGCACAATGTAATGGCGTCGCCATATTGCTGCAAT,0,1,test
>non_terminators_469,GAGAGAGCCGCGTCAGCCGGGTAACAGCTAAAACGCGGCGTTTCGCGGTTCAGGAAATGAAGTTCAGCCCCTGTTTTAAC,0,3,train
>non_terminators_470,CTGTGTCGTGCTGTTTTGGTTGCCAAGTTCGCTGGCGGCGCTGGAGAGCGCATCTTTCCAGGACGCAGCATGCACCCCGG,0,2,train
>non_terminators_471,TTGTTCATGTTATCTGCGCTTAAGGCCTGGTTTCCGCTGCTAAGCAAGTTAGTTAATGACGCGAGCGACCAACCGCCTTC,0,0,valid
>non_terminators_472,GATGTTTAACAGTTTTCATCATCATTACTCAAGGTGGAATTGTGTCGCAGTATACCGCCAGAAACGGGGATTAATACTCT,0,4,train
>non_terminators_473,CTTCAACGACATGATCAAAATCGCACTGGAATCCGTTCTGCTGGGCGATAAAGAGTAATTGTGTTTCGCTGCAAGGCGAT,0,3,train
>non_terminators_474,GCGAAAGCCCTGACCATCTGCACCGTATCTGACCACATCCGCACTCACGAGCAGACCACTGCCGCTGAGCGTCAGACTAC,0,2,train
>non_terminators_475,CTATTCATTTTTCTCTCCAGCTTGAATATTTTCGCTATACTTTTCAGTGAAATGTGTTAATAAATCTATTCAAGTATCTA,0,1,test
>non_terminators_476,AGCCTGAAAGCCGCGCCCGTCGAGCTGCGCCAGTGGCTGGAAGAGGTGTTGCTGAAAAGCGATTGATTTTGTAGGCCTGA,0,1,test
>non_terminators_477,TGTTGCGCGGCGAAATGAGCCAGCGTGAGTTAAAAAATGAACTCGGCGCAGGCATCGCGACGATTACGCGTGGATCTAAC,0,2,train
>non_terminators_478,CTTATCCGTCCTACAAATACCCGTAATTTCAATATGTTTGGTAGGCATGATAAGACGCGGCAGCGTCGCATCAGGCGCTT,0,4,train
>non_terminators_479,TCGACTGGTATGCGTTTTCACTGCCGAAAATGAAAGCCAGTAAAGAAGTTACAACGGACGATGAGTTACGTATCTGGAAA,0,2,train
>non_terminators_480,CTCTGCCGATAGCGCGCTGTTGTTGGGAACCAGTGTGCTGGTGGTGGCGCTGGCCGGCATGATGTTTGTGACCCGTAATA,0,4,train
>non_terminators_481,AAGCCGATTAATCTTCCAGATCACCGCAGAAGCGATAACCTTCACCGTGAATGGTGGCGATGATTTCCGGCGTATCCGGC,0,4,train
>non_terminators_482,ACATCCATGAAACGCATTAGCACCACCATTACCACCACCATCACCATTACCACAGGTAACGGTGCGGGCTGACGCGTACA,0,4,train
>non_terminators_483,AATTTTATTGACTTAGGTCACTAAATACTTTAACCAATATAGGCATAGCGCACAGACAGATAAAAATTACAGAGTACACA,0,4,train
>non_terminators_484,TAACGAGGTAACAACCATGCGAGTGTTGAAGTTCGGCGGTACATCAGTGGCAAATGCAGAACGTTTTCTGCGTGTTGCCG,0,2,train
>non_terminators_485,CAGTAGATAAACTGGCGGAAGGTATCCGTAAGTTTGCTATTGACCAGGAAAAACTGGAAAAAATGATCGGCGATCTGCTG,0,3,train
>non_terminators_486,TTACACCGGCGAAGTGAAAGCGCGTCCGGCGCGTATCACTGAGTCCGAGTTCCTGTGGCAGCACAACCAGGATCCAATGG,0,2,train
>non_terminators_487,AGCCTGTCTGTCACTCCCTTCGCAGTGTATCATTCTGTTTAACGAGACTGTTTAAACGGAAAAATCTTGATGAATACTTT,0,4,train
>non_terminators_488,TCAGATAGTACAACGGCATGTCTCTTTTGACTATCTGGCAACCGGCAGTGTGTTCTCTCACGCATCACAAAAGCAGCAGG,0,3,train
>non_terminators_489,GGGGAGTCTGGAGATTGAGTAGATATTCTTGTTCAGAATGTATCAGCCGATGGTTCTACGATTCTTAAGCCACGAAGAGT,0,1,test
>non_terminators_490,AAGCTTCAGCAAATTGGCGATTAAGCCAGTTTGTTGATCTGTGCAGTCAGGTTAGCCTTATGACGTGCAGCTTTGTTTTT,0,1,test
>non_terminators_491,CGTGAAGAAAACATTGTTTTCGAAGTGCCGAAAGAGCTGCGTGTCGATATTCGTGAAGTCGATTAAGTCATTAGCAGCCT,0,0,valid
>non_terminators_492,CGGCTCCGGATATTCTGGTGCAGAATGTGGTGGCACGTTTGCAGCAGCTGGGCGGTGGTGAAGCCATTCCGCTGGAAGGC,0,1,test
>non_terminators_493,AACATGCGTTTACCTATCTTCCTCGATACTGACCCCGGCATTGACGATGCCGTCGCCATTGCCGCCGCGATTTTTGCACC,0,3,train
>non_terminators_494,TTGATATGCGAGATGTACTTGATCTCAATAATTTGTAACCACAAAATATTTGTTATGGTGCAAAAATAACACATTTAATT,0,1,test
>non_terminators_495,TAAGGCGTCCAGCCGTATGACATTTGCTAACGGCGCGGTAAGATCGGCTTTGTGGTTGAGTGGTAAGGAAAGCGGTCTTT,0,4,train
>non_terminators_496,GTTATGTTTTTAAATTGTCTATAAGTGCCAAAAATTACATGTTTTGTCTTCTGTTTTTGTTGTTTTAATGTAAATTTTGA,0,2,train
>non_terminators_497,CAGAAGGAGACTTCTGTCCCTTGCGGGGTGTCCCGCCAGTGTCGGGTTAAGATAAAACCTGCCTGCGCCACGCTGAAAAT,0,2,train
>non_terminators_498,GAACCTGATCGGCGGGAATAAACGCCACGGACTCTTGCGGTGCAAGCGTAACCTGCAACGGCCCGTTGTCCGTCGCCAGC,0,0,valid
>non_terminators_499,TTGGCTGTGGTTTTATACAGTCATTACTGCCCGTAATATGCCTTCGCGCCATGCTTACGCAGATAGTGTTTATCCAGCAG,0,0,valid
>non_terminators_500,CACCGTCGCGCAATGTGGTATCGAAAATAATGACTTGCTGGCTCATGGTTTGGGTCCTTGTCTCTTTTAGAGCGCCTCGC,0,3,train
>non_terminators_501,CACGTCAACACCCATACGCTCAAGGGCCAGCGCAATTTGCAGTTTTTCTTTCACACTCAAGCTTGCCTGTAACGCCTGTT,0,0,valid
>non_terminators_502,GTGCTGGCTTAATGCTGGATGCCGCTCACTCGTCTACCGCGCAAAGAAGATGCGTTTAGTAGTAGTAGACCGATAAAGCG,0,4,train
>non_terminators_503,GACCTTCCAGGACGACGCAGAACTGCCGTTGGCCTTCAAAGCGCCTTCAGCTGTACTGGCATAACGACATTTATACTGTC,0,3,train
>non_terminators_504,ACCGCTTATAAATCCGGTCATGCACTGAATAACAAACTGCTGCAGGCTGTCCTGGCGAAACAGGAAGCCTGGGAATATGT,0,0,valid
>non_terminators_505,AATTTTATAAGAGCTATAAAAAACGGTGCGAACGCTGTTTTCTTAAGCACTTTTCCGCACAACTTATCTTCATTCGTGCT,0,3,train
>non_terminators_506,AGCGGTTTCAATGGCGAAGAAAACCTCGTTCGTGGTCGTGGTGGTGATTGCACTACTGACGATTTACGGGGCGTTGGTGT,0,0,valid
>non_terminators_507,CAGTATCAGGTGTTAACGCGTCTGGCGCAGTTCTCTCTGGCGCGTGAACCGCATGTCGATAAGGTGGAGACGCCGAAGGC,0,1,test
>non_terminators_508,TAATGCGCTTTTACGGCTTTGGCGGTTTTCTCTTTAAACAGATAGCCGATACCTAACACGATCAGCCATACCGGGATCAG,0,0,valid
>non_terminators_509,CCACCGCGTGATCGACGGTGCTGATGGTGCCCGTTTCATTACCATCATTAACAACACGCTGTCTGACATTCGCCGTCTGG,0,3,train
>non_terminators_510,TCCAAGTCCGCGATGGAGCCGGTGTGGAATGGTAAAGAGTTCGTGCCGCGTCTGATGCTGCCGATTTCTCTCTCCTTCGA,0,2,train
>non_terminators_511,CATGAATGTATTGAGGTTATTAGCGAATAGACAAATCGGTTGCCGTTTGTTGTTTAAAAATTGTTAACAATTTTGTAAAA,0,4,train
>non_terminators_512,GGCAGAAGTGTTCGAAGGTAGCATTACCGACCTGCCGAACCCGAAAGCGAAGAAGAAGTAATTTTTCGTTTGCCGGAACA,0,3,train
>non_terminators_513,ATCGAAATGGGTTGTGATGCTGAAGACATCGCACTGACCATCCACGCGCACCCGACTCTGCACGAGTCTGTGGGCCTGGC,0,4,train
>non_terminators_514,ATTTACCTTTCCAGTCTTCTTGCTCCACGTTCAGAGAGACGTTCGCATACTGCTGACCGTTGCTCGTTATTCAGCCTGAC,0,3,train
>non_terminators_515,CTTTCTCAGTACACCGAGAAAGCCGATGGGGTGATTTTCCAGACTGCGGTTTAAAAAGTCAGCGCACGCGCTGCGCATAA,0,0,valid
>non_terminators_516,CGCCGGAAGAGTACCAGACCTACGTGGCGCAGGTAGATAAAACAGCCGTTGATACTTACCGTTATCTGAACTTCAACCAG,0,3,train
>non_terminators_517,TTCTAAACCATCGCCGTTCCGCTGTTTTTCTCCGGTAAGGCTGCGATAATTACATCAATGGCGCAATGCGATTTCGGTGC,0,3,train
>non_terminators_518,CGACGAAGAAAGCCTGTCGCTATGCGGCGTTGAGGATTTTCTGCAGGTCGTGGCGGCTTACCGCAATTTCGTGCAGCAGA,0,2,train
>non_terminators_519,ATGGACGGTGAAGAGGTGATGGTTCGCGCCAATCAACTGGAATTCGCTGGCGATGAAATGGAAGAGGGGATGAACTACTA,0,0,valid
>non_terminators_520,AGCTGGCATATTGCGCCCGTAATAAATCTCGCGCATTTCTTTCCACAGCGCAGCGGTAATTTCCTGGCGCTCGCTGTCGG,0,2,train
>non_terminators_521,ACGCTTATCAGGCCTACGCTAGCTGTGCAATCCATTGATTTTGCACAATTTTGTAGGCTGGATAAGGCGTTCACGCCGCA,0,3,train
>non_terminators_522,TAAAAAGACCGTATTCGGAAATATGCCCGGATCTCTCCGGGCATTAAACTGATGACAAACGCAAATCTGCCTGATGCGCT,0,2,train
>non_terminators_523,AGCAAGTCTTACTTCACATCATCCGGCAGCGCATAAGCCACAATATAGTCGCCCATCTTCGTACCAAATGAACCGTGACC,0,1,test
>non_terminators_524,TATAACCGAAACCTGAGCTCGTGGCTATCGTCGCGGCAGTAGCCTGCAAAAATCGGCGGCGTGAAATCATCGCTCATCCC,0,4,train
>non_terminators_525,TTTGAATGGTGCTGCGTTGTCTTTAAAAAAGGCGAGGCGGTGACGGATTAATTCAAACCAGCCTGGCTCACAGTAATGCA,0,4,train
>non_terminators_526,TTTAGTCGATGGTACGCAGCAGTTCGTTAATGCCGACTTTGCCGCGAGTTTTCGCGTCAACTTTCTTAACGATAACCGCA,0,4,train
>non_terminators_527,TTCGAAGTGGGTGAAGGCATCGAGAAAGTTGAGACTGACTTTGCAGCAGAAGTTGCTGCGATGTCCAAGCAGTCTTAATT,0,4,train
>non_terminators_528,AGCCGTTCGTTATGGAACCAAGCAAAACTGTTGGTCAGCTGCTGAAAGAGCATAACGCTGAAGTGACTGGCTTCATCCGC,0,2,train
>non_terminators_529,CCCATCTTGTAAATTCAGCTAACCCTTGTGGGGCTGCGCTGAAAAGCGACGTACAATGTCGCTAGTATTAATTCATTTCA,0,1,test
>non_terminators_530,CAGAAACTGACTGATGCTGCAATCAAGAAAATTGAAGCGGCGCTGGCAGACAAAGAAGCAGAACTGATGCAGTTCTGATT,0,4,train
>non_terminators_531,ACGCGAACGACAAAGTGAAAGCACTGTTGAAAGATAAAGAGATCAGCGAAGACGACGATCGCCGTTCTCAGGACGATGTA,0,4,train
>non_terminators_532,TCTGGATGTTTCATGAAGCAACTCACCATTCTGGGCTCGACCGGCTCGATTGGTTGCAGCACGCTGGACGTGGTGCGCCA,0,0,valid
>non_terminators_533,ATATCAACGGTACAAGCCGAAAGTAAAAGAAAGCTGGGGAGAAACAGGCGGCAGTACGCCTTTGGTTTATCCATTTTATA,0,4,train
>non_terminators_534,AAGAGCTTTGATGCTGGAATTTGACAGCCCATGTTTTTGCCTCGGCATCTACTGCTGTGGCTGATGGGTCTGGCTGGCTG,0,2,train
>non_terminators_535,CTTTAATCTGTTTCACCAGATATTCGACGATGTCACCAGTCTTAATTAACTGTTTCTCGCCGTTGCGACGATATTTATAT,0,0,valid
>non_terminators_536,GTTGTTGATATCCCGCAAGATACCTGGATTGAACAGCCGTGGGATATGGGCGTCGTATTCGTCCCGCCAATCTCCGGTCG,0,2,train
>non_terminators_537,CGATTCGTGAAATGTATCCAAAAGCGCACTTTGTCACCATCTTCGCAAAACCGGCTGGTCGTCCGCTGGTTGATGACTAT,0,4,train
>non_terminators_538,GGGTTACAATAGTTTCCAGTAAGTATTCTGGAGGCTGCATCCATGACACAGGCAAACCTGAGCGAAACCCTGTTCAAACC,0,1,test
>non_terminators_539,CTTCATCAGCATGTCAGCGAACGTCGCAGTGTCGCCATCAGTCTGTTGCTGATTGCCGTCGGTGCATTGATGCGTGAGCT,0,2,train
>non_terminators_540,GAATGAGCTTTAGCGTGGCTGCCCTGTTGACCGCTCTGCCGGTGGTTACCATGGGCGGGCTGGCGCTGGCCGGAAGCTGG,0,1,test
>non_terminators_541,GTGGGGATCGGCATCATTCAGGCGGTGATGCCTTCGGTGATTAAACGGCGGTTTCAGCAGCGCACGCCACTGGTGATGGG,0,3,train
>non_terminators_542,CTGGGCATTTCATGCGCTGTGCGTCGTTGGGCTGATGATCATAACCCTGCGTTTTGCACCAGTACGTTTTCCGCAGCTGT,0,3,train
>non_terminators_543,GGAATCGGTTTTATCATCGCCGGGCTTGCCCCGTGGTTTTCTGGCGTGCTGCGTAGTATCAGCGGCAATTACCTGATGGA,0,4,train
>non_terminators_544,ATTTAAACTGACGATTCAACTTTATAATCTTTGAAATAATAGTGCTTATCCCGGTCGTTTATTTCGCGAATAACCCGACA,0,3,train
>non_terminators_545,TTTCGAGGGCGTCATAATGAGCGTCTAAATCGTACCAGGAGTCACGCAGGGCATCCAGACGTGGGCGGCGGCTTGCCATG,0,2,train
>non_terminators_546,CGGTATGGATGAACTAACGTTTTATAACGCCTTGCGTGACGCCTGCGCCATCATCCGCGGATAAAACTGCCAGAAGCGGG,0,1,test
>non_terminators_547,GTGGCGGTGAGTCCGGCAAAATCGTCATCACTTGCTCGCGGGCATAACAGACAAATTCCTGTAGCGGAAAGTCCGGCGAC,0,0,valid
>non_terminators_548,TGTGGAAGTACGTCATGCTGATCGTGGTGATTGTCATCGGTCTGCTGTATGCGCTTCCCAACCTGTTTGGTGAGGATCCG,0,3,train
>non_terminators_549,CGTCCTGCCGAAAGGCACCATGAAGGCGCTGTAATTAAAATTTTTCCCTAAGGGAATTGCCGTGTTAAACCGTTATCCTT,0,0,valid
>non_terminators_550,ATCCAGGTCCAGAAAACGTTACAAGAAGAAAAAATAACTGCTAAGTCTGTGGCACTGGAAGAGGGCGCTATTCTTGCGCG,0,4,train
>non_terminators_551,GCAATATATTGAATTTACGTGCTTTTGTTGGCCGGACAAAGCGTTTACGCCGCATCCGGCATGAACAAAGCACACGTTGT,0,2,train
>non_terminators_552,AAAGCGATGATGAACAAGAAGAAGTGATTAAAACGTAAAATTGCCTGATGCGCTACGCTTATCAGGCCTACGTTATTTCA,0,1,test
>non_terminators_553,AAGTTGTAACCTACTACCAGGTAACCACCCCAGCCGGTAGAGCGAACGTTGAAGTTGCCGTTGCCGAAGTTCAGTTCTGC,0,4,train
>non_terminators_554,GTAGCCCGGAAGCAAAACCCAGGATCAGCAATATGGCTGAACGCGGCTGTTGAAAAATACGTAAATATTGACTGGACATG,0,1,test
>non_terminators_555,AGAGAAGAAACCAATGGTTTTGAGATCGATATTCTCGACCGTCATCCAGGCCTGTAAGGTACCGGATGTCAGGGCGAGCG,0,0,valid
>non_terminators_556,AATTAACGCGCGTTCTGCTTGATGAATTCGTGGATGCTGGTGTCCTGAGACATATCAGCGATGGTATCGGTCAGCACACT,0,0,valid
>non_terminators_557,TCTCCTCCCTGTCGTGGAGCAGGAAGCATCGCGTAAAAACGCATTTGCAACTGTCGGCGCTTTTCCAGTATGTTGCTAAA,0,0,valid
>non_terminators_558,TCTCTACTACCGTTCATGCGCTGGCTCTGCATACTTACACTATTAAGGAGTGGGAAGGGTTGCAGGACACCGTCTTTGCC,0,2,train
>non_terminators_559,GATTTTGCGCTTTTTGCCCAGCATTCAGACGAAAATTGCCCGGGAATTGTGAAAAAATACGCGACAGCGCGCAATAACCG,0,3,train
>non_terminators_560,CAAAGCAAACCGTTGCTGATTTATGGCAAGCCGGAAGCGCAACAGGCATCTGGTGAATAATTAACCATTCCCATACAATT,0,0,valid
>terminators_1,CTCTGCACAAACGCCACCTTTTCGGTGGCGTTTTTTATCG,1,4,train
>terminators_2,AAGAATTAAAAATGTTACGGGTAACTGTTATCGGTAACATTGTCCAGCCGG,1,2,train
>terminators_3,TTTAAAGAGCAAACCCCTCAAACGAGGGGTTTTTTGTTGTTT,1,4,train
>terminators_4,CTGATGAAAAGGTGCCGGATGATGTGAATCATCCGGCACTGGATTATTA,1,4,train
>terminators_5,ATCAAAAAGGAGCCGCCTGAGGGCGGCTTCTTTTTGTG,1,2,train
>terminators_6,GGCGTCTACAGGCCCGGCTTGCACCGGGCCAGAGGGCAGA,1,1,test
>terminators_7,AAGATGAACAAAACTAAAGCGCCACAAGGGCGCTTTAGTTTGTTTTCCGGT,1,3,train
>terminators_8,TGCGTTATTTTCGGCACCTTTTATGTAGCGAAGGTGCCGGAATATATTCT,1,4,train
>terminators_9,TCTTTAAAAAGAAACCTCCGCATTGCGGAGGTTTCGCCTTTTGAT,1,3,train
>terminators_10,TACTTCTTACTCGCCCATCTGCAACGGATGGGCGAATTTATACCC,1,4,train
>terminators_11,AAAAGCAAAAGGGCCGCAGATGCGACCCTTGTGTATCA,1,1,test
>terminators_12,TCTGAATGCGTGCCCATTCCTGACGGAATGGGCATTTCTGCGCA,1,4,train
>terminators_13,TAGCAACAAAAAAGCCGACTCACTTGCAGTCGGCTTTCTCATTTTAA,1,4,train
>terminators_14,TGTAGTTGTAAGGCCGTGCTTCCGAAAGGAATGCGCGGCTTATTTTCGTTT,1,1,test
>terminators_15,CACAGAATCTAAGATCCCTGCCATTTGGCGGGGATTTTTTTATTTGTT,1,4,train
>terminators_16,TGTAAGAGATAAAAAAGGCCGGAGCATGCTCCGGCCTTCGTTTTCA,1,2,train
>terminators_17,ACCAGGTATAGCAGATAAAGAGAGGATTATTTCGCTGCAATGAGCCGG,1,0,valid
>terminators_18,TGTGGCTCGACGCATCTTCCTCATTCTTCTCTCCAAAAACCACCTCATGCAATATAAACATCTATAAATAAA,1,1,test
>terminators_19,AGTTAACCAAAAAGGGGGGATTTTATCTCCCCTTTAATTTTTCCT,1,4,train
>terminators_20,TATGACGGCGAAAAAAAACCGCCAGTAAACCGGCGGTGAATGCTTGCATGGATAGATTTGTGTTTTGCTTTTACGCTA,1,0,valid
>terminators_21,ACGCGTAAATAAAAAAGGCGCTAGTGAAAGCGCCCTTTTTTGTCATTATGC,1,2,train
>terminators_22,CAGCCCTAATCAGCGTTGCAGGATAAAGCACCGCTCACTCTTCAAC,1,1,test
>terminators_23,TAGGGAAAAATGCCTGATAGCGCTTCGCTTATCAGGCCTACCCGCGC,1,4,train
>terminators_24,TCGAAAAGAACCCGGTAGCGTCACAACTACCGGGCGAACAAACT,1,3,train
>terminators_25,TGCCTTGTGAAGCCGGAGCGGGAGACTGCTCCGGCTTTTTAGTAT,1,0,valid
>terminators_26,CACCAATGTAAAAAAGCGCCCTAAAGGCGCTTTTTTACTATCTGC,1,0,valid
>terminators_27,GCCTTTCAAAAGTAAGCAACGTCTGCTTACTGCCCCTCTAC,1,4,train
>terminators_28,TAAAGTATGTATCCCCAAAATAATTCGAGTCATTGCATCTGTGGCTAGAAGTATGAAGGGATTAACCATAA,1,3,train
>terminators_29,AGTAATATGACGCCGGATGACTTTTCATCCGGCGAGTTTCTTTA,1,3,train
>terminators_30,TTAGTGCCCAGGGTTCCCTCTCACCCTAACCCTCTCCCCGGTGGGGCGAGGGGACTGACCGAGCGC,1,1,test
>terminators_31,AAACACGTAGGCCTGATAAGCGAAGCGCATCAGGCAGTTTTGCGT,1,4,train
>terminators_32,ATTCCGCACAAAAACGACCCCGTAATATACGGGGTCAATAAGGACATGGTA,1,4,train
>terminators_33,TAACAATCAGAAATGCCGGGAATAAATCCCGGCATTTTCATAATCAG,1,3,train
>terminators_34,GTATAAAATTCGACTGGCAAATCTGGCACTCTCTCCGGCCAGGTGAACCAGTCGTTTTTTTTTG,1,4,train
>terminators_35,TTCTCCAGTGAAATCACTGCGAGCCATACGGCCCGCAGATGCAATTATCTT,1,2,train
>terminators_36,ACGACACAATGCCCGGTGAATGAGATTCCCGGGCATTTTTTTAT,1,0,valid
>terminators_37,GTGGGCGTCAAAAAAAACGCCGGATTAACCGGCGTCTGACGACTGAC,1,3,train
>terminators_38,TGATTATGCGAGCAGACTCGCACTCCTGCCAGTCTGCTGCAAAAGAAAG,1,1,test
>terminators_39,CCGTATTACCCCGCGCCGGGAATGCGCGGCCGCCAATTT,1,1,test
>terminators_40,TCCCTGTCTTCCCCCACATGCTGTGGGGGTTTTTTTTAT,1,3,train
>terminators_41,CAAAATAACAAAACCCACCTTAAGGTGGGTTTCGCCAGAGAA,1,1,test
>terminators_42,TGCTTGATTAAAAAGGCGCTACTCGGCATGGGGAAGCGCCTTTTTTATAGGTGT,1,3,train
>terminators_43,CAACCATCCGAAACCGCTCTCATCCATTCGATGAGAGCGGTTTTTTTAATTAC,1,4,train
>terminators_44,CGTTAATGTCGTAAACCGGGCATCAGGCTTACGTGTGATGTCCGGTTAACTCGTGGTATG,1,2,train
>terminators_45,GTGCGCTCAAAACAAAAAACCGGAGTCTGTGCTCCGGTTTTTTATTATCCGCTAAT,1,3,train
>terminators_46,CATGACTAAAAACAGCAGCAGTAAAACAGACCCTACTGCTGTTAAAACAAGCG,1,3,train
>terminators_47,GAGGTGATTTAAATTCATCCCCGGCGGCAAGCCGGGGAGATTTCATTACGGCA,1,0,valid
>terminators_48,TTCCTGATGTAATGCCGGATGACCTTCGTGTCATCCGGCATTTTTCTTTTCA,1,4,train
>terminators_49,CATAAAAAAAGGGCCTAAAGCCCAGTTATTCTG,1,2,train
>terminators_50,TATCATAAAAGCAGCTCTGAAGAGCAGAGCCGCGAATCCTTTT,1,0,valid
>terminators_51,CGGTTAACTCGTGGTATGCTGCTGCCGTTCCCTTTTTTAATG,1,3,train
>terminators_52,CCTCTACCTGCTTCGGCCGATAAAGCCGACGATAATACTCC,1,1,test
>terminators_53,GTCAGCTTGAAAAAAGGGGCCACTCAGGCCCCCTTTTCTGAAACTCG,1,3,train
>terminators_54,TTGTAAAAAACCCCGCTCCGGCGGGGTTTTTTG,1,0,valid
>terminators_55,CGCAAATAACCAGGAGATAAAACCGACCACGGCACCAGGCAGTGACCATGTGGTTTCTTCATCCTCAGTAA,1,1,test
>terminators_56,TTGAGAAGAGAAAAGAAAACCGCCGATCCTGTCCACCGCATTACTGCAAGGTAGTGGACAAGACCGGCGGTCTTAAGTTTTTTGGCTGAA,1,4,train
>terminators_57,AAGTTATGCGAAAATGCCGGTCTTGTTACCGGCATTTTTTATGGAGAA,1,0,valid
>terminators_58,AATTGATTCGTACGACGCCGACTTTGATGAGTCGGCTTTTTTTTGCCTGTTAT,1,1,test
>terminators_59,GCTGTTCAGATCACTGGTGCGCGCGGAGTCGCCGCCAGTGAGCAAACGCTG,1,4,train
>terminators_60,TCGCATCAGGCAACCAGTGCCGGATGC,1,1,test
>terminators_61,CCCTCACCTAACCGGCCCCTTGTTACAGTTGTGTACAAGGGGCCTGATTTTTAT,1,3,train
>terminators_62,AGGCCAAAAAAAACCGGCGCAATGGCCGGTTTCCGTTGTTAC,1,2,train
>terminators_63,ATTTTTTTAACGGGGGAGGTTCCCCCGTCAGATCATT,1,2,train
>terminators_64,AGTAACAACTATTTGCTTGCCGGTTATTTTGCTTCCGGCAAGCAAATGAATTACACA,1,3,train
>terminators_65,ACATTTAATAAAAAAAGGGCGGTCGCAAGATCGCCCTTTTTTACGTATGACA,1,3,train
>terminators_66,AAACCGACTTAAAAGGAAAATCACAGGCGCGATGCTACTATGATTTTCCTGAGGAGAACA,1,3,train
>terminators_67,CGAATAATCCGATTACGGCTACGCTTCTAATGTTCCCCTTGAATGGAGTCGAAGAATGCGTAATCCCACGCTGTT,1,2,train
>terminators_68,ATGAGGAAAATCTCCCGGCGAAAAAACCGGGAGATGAAAGTGTGA,1,0,valid
>terminators_69,ATCAAATAATGCCTGATAGCACATATCAGGCGTTGTCCTCA,1,1,test
>terminators_70,TCGGTCGGTCCCCTCGCCCCTCTGGGGAGAGGGTTAGGGTGAG,1,2,train
>terminators_71,TACAAAAAAAGCCTCCACTGGGAGGCTTTCAGGCGC,1,4,train
>terminators_72,GCTGGAAAGTAAAAAACCGACGCAAAGTCGGTTTTTTTACATCCGGATTCG,1,2,train
>terminators_73,AACAAAAAAATTCCAGTCCCGAAGGACTGGAAGGCTCAATCG,1,3,train
>terminators_74,AAAAGAGGTGGCCAGGGGGATCACCTGGCAGCATGCTGCC,1,1,test
>terminators_75,CAAATTAAGCAGAAGGCCATCCTGACGGATGGCCTTTTTGCGTTTCTA,1,0,valid
>terminators_76,GGGTAAAAAAATGCCTGACTGCTTTGTGCGATCAGGCATTCTCGAATTA,1,0,valid
>terminators_77,CCAATTATTGAACACCCTAACGGGTGTTTTTTTGTTTCTGGTCTCCC,1,2,train
>terminators_78,GAACTTGTAGGCCTGATAAGCGCAGCGTATCAGGCAATTTTTATA,1,4,train
>terminators_79,CGGACAATAAAAAATCCCGCCGCTGGCGGGATTTTAAGCAAGTGC,1,0,valid
>terminators_80,AGGAAAGTAAGTGCCGGATATGAAATCCGGCACCTGTCAGACT,1,2,train
>terminators_81,AAGTCGCACCAAAGGGGAGCGGGAAACCGCTCCCCTTTTATATTTAGC,1,3,train
>terminators_82,TAACGTAAAAACCCGCTTCGGCGGGTTTTTTTATG,1,0,valid
>terminators_83,TATAAACAAAAAAACCCGACTTCACCAGTATTCTCTGGTTATGTCAGGTTTTGCCTGCGAAT,1,1,test
>terminators_84,AGAATAAATTCAACCGCCCGTCAGGGCGGTTGTCATATGGAG,1,1,test
>terminators_85,AAGTGAAAAAGCCCCGGCACGATACCGGGGCGAGGCGATTA,1,1,test
>terminators_86,AGACAAAAAAAAGGCGACTCATCAGTCGCCTTAAAAATCAGT,1,3,train
>terminators_87,AATGCGTTAAATGTTAAAGGGCTAAGAGTAGTGTGCTCTTAGCCCTTAATTACGTTTC,1,0,valid
>terminators_88,ACAAGAAAAAAGGCACGTCATCTGACGTGCCTTTTTTATTT,1,3,train
>terminators_89,ATATCCAACGAATTTTCTTGATCCGCTGGATATTTCAGAATAT,1,3,train
>terminators_90,AATCGCGTTACGGGGAGGAAGTTTTTTCAGATACTCCCGGAACGCCTG,1,4,train
>terminators_91,AGGAAGAAAAATGCCCCGCTTACGCAGGGCATCCATTTATT,1,0,valid
>terminators_92,GTGAATAAAACAACCGGACCCCATCGAGGAACGGAGTCCGGTGTCATATTAAA,1,1,test
>terminators_93,ATCCCCCTTCAAGGCGCTGCATCGACAGCGCCTTTTCTTTATAA,1,0,valid
>terminators_94,GCGGAGAAAAGGTCCGAAAATTCGGACCCGATGGAATT,1,4,train
>terminators_95,AACCATGAAGGCCCGATAAGCGCAGCGCATCGGGCAATTTAGCAT,1,2,train
>terminators_96,AGTTTTAACGAAGGGGTGGTTTCACCCCTTTTGTCTTTCT,1,2,train
>terminators_97,TCCATACAAAACGGCCCGCCATAGGCGGGCCGGATTTACATT,1,1,test
>terminators_98,CAATGATGTGAAAAAGGGAACCATCAGGTTCCCTTTTGCGTTAGTGCC,1,4,train
>terminators_99,CCATCAAAAAACCAGGCTTGAGTATAGCCTGGTTTCGTTTGA,1,1,test
>terminators_100,CAAACACTAAAACGGGCCATCAGGCCCGTTATATCAGTGC,1,3,train
>terminators_101,TAGAGAAAGGACTGACGGATGCCCGTTCGCATCCGTCAGTATTGCAGGAC,1,0,valid
>terminators_102,GAAACGAAAAGAGGGAGACTAGCTCCCTCTTTCAACTGGC,1,0,valid
>terminators_103,TAACAAAAAACCCCGATAAATCGGGGCTTTATATAA,1,0,valid
>terminators_104,TCACAAAATAAAAAGGCCGGTTAAACCGACCTTTTACTCGTTCTT,1,2,train
>terminators_105,GGTTACGCACCGGTTCGGGGCTGTTTTCCAGCACCACTTCCGGCAACAATGCCACGCCACAGCCGAGTGCCACCATCGATAC,1,4,train
>terminators_106,CCTTCGCTCATCCCATTCACATAGTTATCTATGCTCATGGGAGTTCACTCAG,1,3,train
>terminators_107,AAGGCCAGGCGGCGTAATGTTATTTAAACAATTACGCCTTCAGCGGAA,1,1,test
>terminators_108,AGTAAATAAATCTGGCGGAGCCTGGGAGCTCCGCCAGAGCCGTTAAAC,1,2,train
>terminators_109,GTTCAGATACAACAAAGCCGGGAATTACCCGGCTTTGTTATGGAATAAG,1,1,test
>terminators_110,CGTAAAACGTGGGCTTTGGGCAGCAGTAGCGTTTCGAACGGCCAGGCAGCCCAGTAAGGCACGACGGCTAACCAGTGTTCGGTTTCGACAACGGTACGGCTACCGTCTGCCAGCTCGCGCTGAACATAATCCAC,1,3,train
>terminators_111,AACAAATAAGTGAGAGCTGTAACTCTCGCTTTTCTTA,1,4,train
>terminators_112,TTGAAGATAAAAAACCCTCTGTAGTAACAGAGGGTTTTGTTCATTCAT,1,1,test
>terminators_113,CCGATTATTTACGCAAATTTGCGTGCCAAAATTT,1,3,train
>terminators_114,AAAGAAAGAATTAACGCATCGCATCCAGACTGTTCTGAATGCGACGATAATTAAGGTGCTTTAA,1,1,test
>terminators_115,CTCCTGTGACCAGGCAGCGAAAAGACATGAGTCGATGACCGTAAACAGGCA,1,1,test
>terminators_116,TGATGTAAGTAAAAGAGCCGGCCCAACGGCCGGCTTTTTTCTGGTAATCT,1,0,valid
>terminators_117,TAAGGTTGAAAAATAAAAACGGCGCTAAAAAGCGCCGTTTTTTTTGACGGTGGTA,1,1,test
>terminators_118,CATAAAAAAACCCGCTTGCGCGGGCTTTTTCACA,1,0,valid
>terminators_119,CTTGATGCGTTGCCTGGTAAGCGGGTGCTTACCAGGCATTTTTAATGC,1,2,train
>terminators_120,AGAAAAGACAAAATGACAGCCCTTCTACGAGTGATTAGCCTGGTCGTGATTAGCGTGGTGGTGATTATTATCCCACCGTGCGGGGCTGCACTTGGACGAGGAAAGGCTTAGAGATCAAGCCTTAACGAACTAAGACCCCCGCACCGAAAGGTCCGGGGGTTTTTTTTGACCT,1,1,test
>terminators_121,TAAGACGTGGCGCATCAGGCATCGTGCACCGAATGCCGGATGCGGCGTGAACGC,1,1,test
>terminators_122,AATTATTGGCAAAAGGCAACCACAGGCTGCCTTTTTCTTTGACTC,1,0,valid
>terminators_123,ATGACCTTTTGCACCGCTTTGCGGTGCTTTCCTGGAAG,1,4,train
>terminators_124,AACGCATGAGAAAGCCCCCGGAAGATCACCTTCCGGGGGCTTTTTTATTGCGC,1,2,train
>terminators_125,TGACATACAACTCCCTTCAAACTCCCCCCGACAATAAGAAAATCACGTA,1,0,valid
>terminators_126,GTAATCGGTATTATGCCGGATGCTGGCGCATCCGGCATGGGTTTTACT,1,2,train
>terminators_127,ATGCAGGAAAGCAGGCTGGAGCTACCCAGCCTGCAGTGAAATTA,1,2,train
>terminators_128,AGAAAAAAAGGCGCTCCGTGGAGCGCCGAATAACAGT,1,3,train
>terminators_129,AAAGATTATTGCCCTCACCCTGTACGGGTGAGGGCGTAGAGAGAT,1,3,train
>terminators_130,TTCAAAAAAAAGCCCGCTCATTAGGCGGGCTGGGTATCTGA,1,0,valid
>terminators_131,GGGCATAAAAAAAGCGCGTCGATCAGGACGCGCTTTTTAGTATTTACT,1,4,train
>terminators_132,GGTAAAAAAACCGACGCACACTGGCGTCGGCTCTGGCAGG,1,0,valid
>terminators_133,GCTCCGCCGTCACGGTTGCAGGAAAGCTAAGGGACTTAGCCTGCGGCGGTTTTGTTTGGCTTCAG,1,4,train
>terminators_134,TGCCTCAATTAGCGGCTCATGTAGCCGCTTTTTCTGCGC,1,2,train
>terminators_135,AATAAGCAATAACGGTACGACAGCTGTGTCGTGCCGTTTGTTTTTTC,1,1,test
>terminators_136,GAACCACCTCCTTAGCCTGTGTAATCTCCCTTACACGGGCTTATTTTTTACGCGTAATA,1,4,train
>terminators_137,AAGCGATACGAAATATTCGGTCTACGGT,1,0,valid
>terminators_138,TCAGGTTCCCGTAGGCATGATAAGACGCGTAAGCGTCGCATCAGGCAATGAATACC,1,0,valid
>terminators_139,TGCATAAAAAAGCCAACCCGCAGGTTGGCTTTTCTCGTT,1,0,valid
>terminators_140,AAGTCCCGGTGTAATCGGGGTTTTTATCGCCTGTCACCCGCACATTACCTGCGCAGAGGAAGCAATCTGGATCGTGCGCAGGTAACACCTGTTTGGCTGGCGTTTCCTGCGCCCCCTGCCAGGGGCGCTTAGCGCGGTGCGGTGAAACCAGAATCCATTG,1,1,test
>terminators_141,GAACACATTTGTCGGATGCGGCGCGAGCGCCTTATCCGACCTACGGTTCG,1,0,valid
>terminators_142,CAGCCACTGCTCTGACCACAAGTAATTGTTCAGATTGATAAAAC,1,1,test
>terminators_143,TGCAGATAACAAAAAACCCCGCCGGAGCGAGGTTTCGTCAGTCGCCT,1,4,train
>terminators_144,CTCCTTTCTGATGCCCGGTAAGCATGTGGTTACCGGGCATTTTTGCGTAC,1,3,train
>terminators_145,CGTTGCACAAGGCGTGAGATTGGAATACAATTTCGCGCCTTTTGTTTTT,1,3,train
>terminators_146,GCTACAAAAATGCCCGATCCTCGATCGGGCATTTTGACTTT,1,3,train
>terminators_147,CGATAAAAAAAGCCTGCCAGATGGCAGGCTATTTAATAAC,1,0,valid
>terminators_148,TTGGCATAACGACCAATAGAGGCCCCCAGAAACGCGGCCTGATCCTGATAGCATTCCGGGCTGGCACAGCCGAGCAGCGCCTCGCGGACGCTGCCATCGGAAAGCGGAATACGGGCGGAAAGTAAAGTCGCACCCCAGTCCATCAGC,1,2,train
>terminators_149,TTGGCAAACAGAGATTGTGTTTTTTCTTTCAGACTCATTTCTTACA,1,1,test
>terminators_150,CCGACGTAAAAAGACGGTAAGTATCGCTTTCAGTCTTATGAATATCG,1,0,valid
>terminators_151,TGGGGAGACTAAGGCAGCCAGATGGCTGCCTTTTTTACAGGT,1,4,train
>terminators_152,CAAACAATCCAAAACGCCGCGTTCAGCGGCGTTTTTTCTGCTTTT,1,0,valid
>terminators_153,GTTAAAAAAATGCCCGGTTGTGAAAAGCAACCGGGCATCATTGTG,1,4,train
>terminators_154,AGACAAAAAAACCCGCCGCAGCGGGTCTTTGAGCC,1,0,valid
>terminators_155,CGTGTTCCTGAACGCCCGCATATGCGGGCGTTTTGCTTTTTG,1,4,train
>terminators_156,TTTAAAAGATTATCGGGAGAGTTACCTCCCGATATAAAAGGAAG,1,0,valid
>terminators_157,CTTGAAAAATAAAGTATTAGCGTTCTGCGTTAAGACTTTTTTCATGGGT,1,4,train
>terminators_158,CTCTGGTAGTCCTGGTAAGACGCGAACAGCGTCGCATCAGGCATATTGCCA,1,4,train
>terminators_159,ACGAGCCAATAAAAATACCGGCGTTATGCCGGTATTTTTTTACGAAAGA,1,3,train
>terminators_160,GCGATTAATAGCCCAACGCAATAATGTCTGATGCGCTGCGCTTATCAGGCCTGCAAACGACGTATTGATTATGTATGCCGAATAAAGCATTCACGCCGCATCCGGCAAGTTGTATT,1,2,train
>terminators_161,TGCAAAAAAATCGGGCAGCGTCGTGCTGCCCGTGTGCATACT,1,0,valid
>terminators_162,CAGTGAAAAATGGCGCCCATCGGCGCCATTTTTTTATG,1,0,valid
>terminators_163,TGCGGAGGGAGTGGAAACGCCTCAGCCGGAACTGACCGAGGCGGTATAACTTAACGCAGT,1,3,train
>terminators_164,GTAAAAAAACCTCACTAAAATTATGGTTACCAGAATCAGGGCAGTCTTAGGAGTGGCGGCATA,1,4,train
>terminators_165,GGAAACACAGAAAAAAGCCCGCACCTGACAGTGCGGGCTTTTTTTTTCGACCAAAGG,1,0,valid
>terminators_166,AAAGTAAAAACCCGCCGAAGCGGGTTTTTACGTA,1,2,train
>terminators_167,TAACGTAGAAAGGCTTCCCGAAGGAAGCCTTGATGATCA,1,2,train
>terminators_168,GAAGTTCAAGGGCGCATCTACTGATGTGCCTTTTTTATTT,1,2,train
>terminators_169,CTAAGCGTTGTCCCCAGTGGGGATGTGACGAAG,1,1,test
>terminators_170,AACGGTTTATTAGTCTGGAGACGGCAGACTATCCTCTTCCC,1,2,train
>terminators_171,ACTCCAAAAAAAAACCTGAAAAAAACGGCCTGACGTGAATCAAGCAATTTTTTTCAGGTTTTGCCCGCTTAG,1,0,valid
>terminators_172,CGTCTGCGTATGGAACGTGGTAACGGTTCTACTGAAGATTT,1,3,train
>terminators_173,CTGCATAAAAAAATAGAGTCTGTCGACATCCGCCAGACTCTACAGTACACAC,1,2,train
>terminators_174,TCATCAGTCTGAGCCTGCCATTGGCAGGCTCTGGTGTCCTT,1,3,train
>terminators_175,GTTATGAGTCAGGAAAAAAGGCGACAGAGTAATCTGTCGCCTTTTTTCTTTGCTTGCTTT,1,0,valid
>terminators_176,AGCAATAAAAAAGCCGCATGTGCGGCTTCAGATTGCTG,1,3,train
>terminators_177,CAATCCATGTAAAAAAAGGGCCCTGAAATTCAGGACCCTTTCTGGCATCAGC,1,2,train
>terminators_178,GATTTTATGAAAAACGGCCTGCGGGCCGTTTTGTTTTGTCTG,1,2,train
>terminators_179,CAGTAATGCTGGCGCGCCCCCTCGCGCCTGAAAATTAC,1,3,train
>terminators_180,GCGGCAAAAACTAATACACCGCATCAATGTAACATCTCTGCGGTGTATGAAGAATAACCAGA,1,2,train
>terminators_181,GAAAAAATAAACGGCTCATTTCTGAGCCGTTTATTCGTA,1,0,valid
>terminators_182,TATTTTATAAACGAAAATGATTACTCCTCAGACCCATTACGATTGATGGGAGAGTGTAACCGTTCTTACGTAGCTCCCCGA,1,2,train
>terminators_183,GGCTGGAAAACCTGGCTCGTATGCGTAAGCAGGACATTATTTT,1,2,train
>terminators_184,GCTGGAAAGTAAAAAACCGACGCAAAGTCGGTTTTTTTACGTCCTGATTCAGACCTC,1,1,test
>terminators_185,ATCAGAAAAAAGGGCCGGATGATTCCAGCCCTGTATTTTTAC,1,2,train
>terminators_186,CGCTGAAACAAGGGCAGGTTTCCCTGCCCTGTGATTTTTT,1,0,valid
>terminators_187,CTATCCTCTTCCCGGTCCCCTATGCCGGGTTTTTTTTAT,1,3,train
>terminators_188,TAATCATTCTTAGCGTGACCGGGAAGTCGGTCACGCTACCTCTTCTGA,1,1,test
>terminators_189,CAGCTTTTTGACGTTTCGCGCCAGGGCAAAGCCAGCGTCAATGACGCGGATCGGCTACGCAAATACCTGGCGCGTTTTGGTCTGACGTGGGAAGCCGT,1,2,train
>terminators_190,CCGGCCTACAAAGGGCGCAAACGTCGCGCCCTTACTAAAGCAT,1,1,test
>terminators_191,TGAGAGTGAAGCCTGATCAGGGTTAGCCGATCAGGCTTTTTTATTGC,1,2,train
>terminators_192,AAAAATATGAATATATTCCGGCGCTTAATGCCACGCCGGAACATATCGAAATGATG,1,1,test
>terminators_193,AAAGAAAGTTAAAATGCCGCCAGCGGAACTGGCGGCTGTGGGATTA,1,3,train
>terminators_194,GGGGAAATAAACGGCCCATCCATGAGGAATGGGCCGTGAAAGGAGAT,1,4,train
>terminators_195,AACAGTAACTTTTCCGGCTTCCCGTTCGTCAGTACCTCGGGAAGCCGCCAACCAGGATAAA,1,3,train
>terminators_196,GGGTCAAAGAGGCATGATGCGACGCTTGTTCCTGCGCTTTGTTCATGCCGGATGCGGCTA,1,3,train
>terminators_197,CTGGCGGGTAAAAAAAATACGCGCTTACCTTAACGATAAGCGCGATGTTGTTCA,1,2,train
>terminators_198,GTTTCTCGCGCAGGCGCTGAAAATAGCGCCTGTTTTTATTTC,1,4,train
>terminators_199,TATTTTTTGGGCCGGCATGATGCCGGCTTTTTTTTAT,1,4,train
>terminators_200,CAACAATGACAAGCGGTGGAGATCTTCTCTGCCGCTTTTTTTTTCAT,1,1,test
>terminators_201,AAATCACAGTATTTAAGTGACAGTGTCACGTTAAATGAAAACCCGC,1,1,test
>terminators_202,TCTGATGACCAAAAATGGAAAGCGTTCCGGTTCCGGTACGGTCGTTTTTC,1,4,train
>terminators_203,CCAAAAGTAAAAACCCGCCGAAGCGGGTTTTTACGTAAAACAGGTGAAACTGAC,1,3,train
>terminators_204,AAAGCAAAAACCCGCCGAAGCGGGTTTTTACGTA,1,1,test
>terminators_205,CCACCAATGTAAAAAAGCGCCCTAAAGGCGCTTTTTTGCTATCTGCG,1,3,train
>terminators_206,TCACAATTTATCGTTCAGGAAACGATCAGGACAGG,1,4,train
>terminators_207,CGCAAAAAAAAGCCAGCCTGTTTCCAGACTGGCTTTTGTGCTT,1,2,train
>terminators_208,GGACCAAAACGAAAAAAGACGCTTTTCAGCGTCTCTTTTCTGGAATTTGGTACCGAG,1,1,test
>terminators_209,AGTAAGAACGAAAAAGGCCGCAGAGTTTCCCCCCTGCGGCCTGGTCCGGGC,1,0,valid
>terminators_210,CATTAAAAAGACAAAACAGGCCGCCTGGGCCTGTTTTGTATTACTTCAC,1,2,train
>terminators_211,TTGATAAGAAAAAACCCCGGAGCACGCCCCGGGGTTTTCGGTACAAAT,1,0,valid
>terminators_212,ACAAGCGCCTGAAAGCAGAAGACCAGTGGTAAAAAAGTGATTTACTTTCTTGCCACTGGCCTCCCAGTTCCCCCGATTGCC,1,1,test
>terminators_213,TTCCTGACTTAAGCGGCGCTGGTTATCCATCGGAGCCATC,1,4,train
>terminators_214,ATTTGAACAATATGAGATAAAGCCCT,1,1,test
>terminators_215,GCTCATAAGTAAAAAACGGCACCTGGTGCCGTTTTTTTGTCTGAAAC,1,1,test
>terminators_216,ATCTGACTAAAAAGGCGCCGAAGCGCCTTTAGAAAATAGT,1,4,train
>terminators_217,CCATAAAAAAGCGCCATTCAGCGCCTTTTTATCATCCCCTT,1,2,train
>terminators_218,GTTATCGGTGCAGAGCCCGGGCGAACCGGGCTTTGTTTTGGGTGT,1,1,test
>terminators_219,TTTTAGCTATAAAAAAACCCGCCGAAGCGGGTTTTTTCGAAAATTGT,1,2,train
>terminators_220,GGTTGCAAAATTGCCCTGAAACAGGGCAACAGCGGAGTT,1,2,train
>terminators_221,GTATTCGCGCACCCCGGTCTAGCCGGGGTCATTTTTTAGTGGCTTTT,1,0,valid
>terminators_222,AGCGTCAAAAGGCCGGATTTTCCGGCCTTTTTTATTA,1,0,valid
>terminators_223,CGCCCCTGCCAGAAATCATCCTTAGCGAAAGCTAAGGATTTTTTTTATCTGAAATA,1,3,train
>terminators_224,AAGCACGAAAAAGGGAGCGATGAATTATCGCTCCCTTGTCTTATAAC,1,4,train
>terminators_225,CTTAAACGAAAAACCCCGCCCGGTTTGCGCCGGCGGGGTTTTGGAATCGTGTGTTGTTCCAGTCCCTACGGCGCATTGCCGACGACCACCACCACACGCACGACGACCACTGCGGCGGATGGCGCAGTTGGTAGTAGTTTTGCGTTGAGCATGGAAGTAGTCATTGGG,1,0,valid
>terminators_226,TAGTAGGAGTGCCACCTTCCTTTTCAATAGTGGCGGTAATTTT,1,3,train
>terminators_227,TTCGGGCATAAAAAAACCCGCGCAATGGCGCGGGTTTTTTGTTTGACTGC,1,2,train
>terminators_228,TTCAGAAAAACCGCCGAGCATGTCGGCGGCTTTCTGACT,1,3,train
>terminators_229,ATTTTGTAATGCCGGATGCGGCGTAAAACACCGTACCCGGCCTGGAGTTTT,1,2,train
>terminators_230,CGTATCAGACCAGGCAGGGTAAACAGACACTTCCCCTGCCTGCATCCGATTA,1,2,train
>terminators_231,TTACCCGCAAAGTGCGCTGCTGCTTAGCAGCGCACTGCTTGGTGGG,1,3,train
>terminators_232,GTGTAAGTTTAGCCGGATAACGCGCCAGATCCGGCTTACATCTCTG,1,0,valid
>terminators_233,AGAAATTGAGATTCATCCACTACTTGCATGGATGAGTAATGATTAAT,1,4,train
>terminators_234,CCAATAAAAATGGGGCCTTTCAGCCCCATCAAACAATG,1,2,train
>terminators_235,GGATAAAAAAAGGCCCCTGTTGAAATTGCAGGGGCCTGGTACGAGCA,1,4,train
>terminators_236,AAAAACAAAAACCCGCCGAAGCGGGTTAAGTGCGGG,1,1,test
>terminators_237,CCGTTTAACACGTTCTGGATGAAATCCATATCGCGATAGCGCA,1,0,valid
>terminators_238,AAAAACAAAAACCCCGGACTCTCATCCAGGGTTCTCTGCTT,1,4,train
>terminators_239,TCCGGCAATTAAAAAAGCGGCTAACCACGCCGCTTTTTTTACGTCTGCA,1,4,train
>terminators_240,TCTTGAACGACAAAAACGCCGCTCAGTAGATCCTTGCGGATCGGCTGGCGGCGTTTTGCTTTTTATTCTGTCTCAAC,1,2,train
>terminators_241,GTAAATGAGAGTAAGGTTGAACATGAAGGTTCAGCCTTACTCTTTCCTGCT,1,1,test
>terminators_242,TCGCGCTAAAAAAGGCCCCACTTTCGTGGAGCCTTTATTGTACGCTTTTTACTGTACGATTTCAGTCAAATCTAATTACA,1,4,train
>terminators_243,AGGGGTAAAACCGTCCAGGAGCAGGGAAAAGGGCAG,1,3,train
>terminators_244,CTAATCTTTTCAACGCCTGGCACTGCCGGGCGTTGTTCTTTTTAACTTCAGGC,1,3,train
>terminators_245,TGGAAATTAATGCGCTGGCGGCAATGGCACAGCACAGAA,1,2,train
>terminators_246,CAAGCACTGCAAAAAACAGCCGGACGGTTTTCACCTCCGGCTATTTTTTTAATTGTGAT,1,2,train
>terminators_247,CCGCCTTCACAAATGCCGCCACTCAAACAGAGCGGCATTTTTCTTCCCCG,1,2,train
>terminators_248,CAATGAAAAAAGGGCCCGCAGGCCCTTTGTTCGAT,1,4,train
>terminators_249,GTAAGCAGAAAGTCAAAAGCCTCCGACCGGAGGCTTTTGACTATTACTCAAC,1,2,train
>terminators_250,AGTGAAAAGAAAAAAGGCCGCAGAGCGGCCTTTTTAGTTAGATC,1,2,train
>terminators_251,ACGCGTACAACCGCGTGGGGAGACGACGCGGATTTTTAACT,1,3,train
>terminators_252,AGTAAGCGCGAATATGCCTGATGGTGCAACACCATCAGGCATATTAAATTATGCT,1,0,valid
>terminators_253,CAGGCATCAAATAAAACGAAAGGCTCAGTCGAAAGACTGGGCCTTTCGTTTTATCTGTTGTTTG,1,3,train
>terminators_254,ATAATCAATCGCGCAGGGCAGAACGAAACCGTCGTTGTAGTCGGTGTGTTCACCAATCAAATTCACGCGGCCAGGCGCCTGAATGGTGTGAGTGGCAGG,1,1,test
>terminators_255,GATAAATCAGAAACATAAAGGCGCTTTCGGGTGCCTTTATTATTTCCAGTGAAAC,1,0,valid
>terminators_256,ATGTGTGACCTCAAAATGGTTCAATATTGACAACAAAATTGTCGATCACCGCCCTTGATTTGCCCTTC,1,1,test
>terminators_257,GCGTAAAAAAGCACCTTTTTAGGTGCTTTTTTGTGG,1,4,train
>terminators_258,ATGACAGATGCCCTCTTCCCGCAGGGAAGAGGGTTAAATAAGG,1,2,train
>terminators_259,AATAAAAAAAGGGAGCACTGTATTCACAGCGCTCCCGGTTCGTTTC,1,0,valid
>terminators_260,TTAACCCCTACCCCACGCGTACAACCGCGTGGGGAGACGACGCG,1,0,valid
>terminators_261,GGCAAAAAAAAGCCCCTCGATTGAGGGGCTGGGAATGGGT,1,1,test
>terminators_262,TATTGATTATAAAGGGCTTTAATTTTTGGCCCTTTTATTTTTGGT,1,1,test
>terminators_263,TCCGGCATGAACAACGCGCACGTTGTCAGCAATCTG,1,2,train
>terminators_264,TGGTGATATAAAAAATCCGCCTCTCGGGGCGGATTTTTGTTTTTAAGG,1,0,valid
>terminators_265,TGAAATAAAAAAGACGGACAACTTAGTGGGTTGTCCGTCTTCATTATAAGA,1,3,train
>terminators_266,GCGGAATAAAAAAGCGGCAACTCAATAAAGTTGCCGCTTTACGGGGAAAT,1,3,train
>terminators_267,AATCACAGTTTCTTTTCGCGAGCATCCTGCTCGGCGAAAAGAGTTATTGCC,1,4,train
>terminators_268,CGCAGCCAACGCATCTGCGGCGTGAAGCATGACGCGGAAATTATT,1,1,test
>terminators_269,CCGGGACCAGAAGCAAAAAAATACCGACCCGGGTACAAGTCCCAGGTCAGCTACAATTCAC,1,4,train
>terminators_270,AAGTGAACATCTCCAGGCGGTCGTTCGACCGCCTGAGTTTTATCTTTT,1,1,test
>terminators_271,CCCGGTTAAAAGCCCCCCGCCGCAGCGGAGGGCAAATGGCAAC,1,3,train
>terminators_272,ACAAGAAATCCGCAAAATGATTCGGCAACGTCGTCGTGCGTTAACGCCGGAACAACAGCAGGAAATGGG,1,0,valid
>terminators_273,GCCATGTAAAAAAACCGCCCCGAAGGGCGGCTCTGTTTATT,1,3,train
>terminators_274,ATAACAGAAAACTCCCCCGCGAGAAGCGGGGGAGTCGCTGGTTAA,1,4,train
>terminators_275,TCTGGTAAGATTCGCCCGCCGAAAGAAGGTGAACGCTATTTTG,1,1,test
>terminators_276,ATAACAAAAAACCCCGCCGGAGCGAGGTTTTTTGTTA,1,1,test
>terminators_277,CTCTTTGACGGGCCAATAGCGATATTGGCCATTTTTTTAGCGCAACAT,1,4,train
>terminators_278,ACCGTAAACAGGCATGGATGATCCTGCCATACCATTCA,1,3,train
>terminators_279,AAAAAATATCCAACGAATTTTCTTGATCCGCTGGATATTTCAG,1,4,train
>terminators_280,GTATAAAAAAACCCGCCGGGGCGGGTTTTTTTACG,1,0,valid
